question,input,reference_summary,initial_summary,final_summary,hallucination,human,deepseek,gpt_final,qwenmax,
"Generate an appropriate single-sentence summary for the given text such that it includes the main topic of the text.
By Ian RoseBusiness reporter ""If you have a little question you can type it in,"" he says, showing off his app, Babylon Health. ""We'll have a doctor respond to your question in minutes."" Babylon Health is a subscription service which you access via a smartphone app. For a monthly subscription of £4.99 ($7.55/€7.99) customers can get unlimited medical consultations by text and video. Once you've had an online exchange, a doctor can send a prescription to your nearest pharmacy and arrange a referral for a follow-up consultation. ""If you had something wrong and wanted to see a doctor you used to take half a day off and go to the surgery,"" Dr Parsa says. ""Today you can make an appointment in seconds, see a doctor in minutes and get an answer straight away."" Already, 250,000 people are using Babylon Health in the United Kingdom and Ireland either as direct subscribers or through a private medical insurance policy. Real world or mobile? But can seeing a doctor on your phone compete with visiting one in person? Dr Maureen Baker, who chairs the Royal College of General Practitioners, the professional membership body for family doctors in the UK and overseas, says: ""Mobile phone apps and medical devices have huge potential to support patients and the health professionals who provide their care."" But she adds: ""We have concerns about the patient safety implications. Patients will be having consultations with GPs who are unfamiliar with - and won't necessarily have access to - their medical history, or information about drugs that they have been prescribed."" ""Medical histories provided by patients themselves will rarely be as comprehensive as those held by their family doctor. There are also many signs and symptoms that GPs look out for when making a diagnosis that the patient might not think to raise."" Babylon says that if a patient wants to see a doctor they have already seen on the app they can request it but they may have to wait longer to see them. The company adds: ""Records of all our patient consultations are stored so GPs can look over the history before they speak to a patient. Patients can also access videos and notes from their previous consultations."" Doctors and patients can also access the medical and health data that many phones now collect. Global ambitions The idea for Babylon came while Ali Parsa was working in the British health system. ""I used to run hospitals,"" he says. ""But most healthcare doesn't have to do with hospitals."" In 2012, he quit as the boss of the first privately run hospital in Britain's National Health Service and that hospital has since been returned to being run by the NHS. However, the NHS is offering Babylon Health to customers in limited areas and the company tells the BBC that other tie-ups with the service will be announced imminently. Babylon is also looking beyond the UK and Ireland and plans to launch in East Africa in 2016. ""Fifty per cent of the world's population don't have access to the very basic healthcare that they need,"" Ali Parsa says. ""Yet we have a device that they all carry, on which we can deliver healthcare to wherever they are."" The global application is part of what is making the business investment community interested in Babylon and its competitors. ""As an investor, healthcare or med-tech is hugely important to us,"" says Eileen Burbidge from Passion Capital. ""The addressable market is the whole world - it's every individual in the world. They're going to need healthcare, they require healthcare or they'll benefit from healthcare. ""A company like Babylon Health, by using mobile devices and mobile technology, is hugely interesting because it's not as capital intensive, you don't require quite as much investment as a life-sciences business or a pharmaceutical company."" But competition is intensifying. ""Self-serve healthcare on your mobile phone sounds massively appealing,"" says Ben Wood of CCS Insight. ""But the challenges are: can it scale? And is this the company which is going to break through, as so many people are chasing the opportunity?"" Ali Parsa is determined to turn Babylon into a global player. ""The biggest problem is to get London to think like Silicon Valley,"" he says. ""If today we can deliver 95% of your healthcare over your mobile phone, imagine what we can do in three years' time, five years' time, 10 years' time."" The Digital Disruptors is a series about the people and companies shaking up business with new technology.","By Ian RoseBusiness reporter ""If you have a little question you can type it in,"" he says, showing off his app, Babylon Health. ""We'll have a doctor respond to your question in minutes."" Babylon Health is a subscription service which you access via a smartphone app. For a monthly subscription of £4.99 ($7.55/€7.99) customers can get unlimited medical consultations by text and video. Once you've had an online exchange, a doctor can send a prescription to your nearest pharmacy and arrange a referral for a follow-up consultation. ""If you had something wrong and wanted to see a doctor you used to take half a day off and go to the surgery,"" Dr Parsa says. ""Today you can make an appointment in seconds, see a doctor in minutes and get an answer straight away."" Already, 250,000 people are using Babylon Health in the United Kingdom and Ireland either as direct subscribers or through a private medical insurance policy. Real world or mobile? But can seeing a doctor on your phone compete with visiting one in person? Dr Maureen Baker, who chairs the Royal College of General Practitioners, the professional membership body for family doctors in the UK and overseas, says: ""Mobile phone apps and medical devices have huge potential to support patients and the health professionals who provide their care."" But she adds: ""We have concerns about the patient safety implications. Patients will be having consultations with GPs who are unfamiliar with - and won't necessarily have access to - their medical history, or information about drugs that they have been prescribed."" ""Medical histories provided by patients themselves will rarely be as comprehensive as those held by their family doctor. There are also many signs and symptoms that GPs look out for when making a diagnosis that the patient might not think to raise."" Babylon says that if a patient wants to see a doctor they have already seen on the app they can request it but they may have to wait longer to see them. The company adds: ""Records of all our patient consultations are stored so GPs can look over the history before they speak to a patient. Patients can also access videos and notes from their previous consultations."" Doctors and patients can also access the medical and health data that many phones now collect. Global ambitions The idea for Babylon came while Ali Parsa was working in the British health system. ""I used to run hospitals,"" he says. ""But most healthcare doesn't have to do with hospitals."" In 2012, he quit as the boss of the first privately run hospital in Britain's National Health Service and that hospital has since been returned to being run by the NHS. However, the NHS is offering Babylon Health to customers in limited areas and the company tells the BBC that other tie-ups with the service will be announced imminently. Babylon is also looking beyond the UK and Ireland and plans to launch in East Africa in 2016. ""Fifty per cent of the world's population don't have access to the very basic healthcare that they need,"" Ali Parsa says. ""Yet we have a device that they all carry, on which we can deliver healthcare to wherever they are."" The global application is part of what is making the business investment community interested in Babylon and its competitors. ""As an investor, healthcare or med-tech is hugely important to us,"" says Eileen Burbidge from Passion Capital. ""The addressable market is the whole world - it's every individual in the world. They're going to need healthcare, they require healthcare or they'll benefit from healthcare. ""A company like Babylon Health, by using mobile devices and mobile technology, is hugely interesting because it's not as capital intensive, you don't require quite as much investment as a life-sciences business or a pharmaceutical company."" But competition is intensifying. ""Self-serve healthcare on your mobile phone sounds massively appealing,"" says Ben Wood of CCS Insight. ""But the challenges are: can it scale? And is this the company which is going to break through, as so many people are chasing the opportunity?"" Ali Parsa is determined to turn Babylon into a global player. ""The biggest problem is to get London to think like Silicon Valley,"" he says. ""If today we can deliver 95% of your healthcare over your mobile phone, imagine what we can do in three years' time, five years' time, 10 years' time."" The Digital Disruptors is a series about the people and companies shaking up business with new technology.",Ali Parsa believes the mobile phone might be the most important medical piece of equipment we have and wants to use it to change the face of healthcare.,"Babylon Health, a subscription service accessible via a smartphone app, allows users to receive unlimited medical consultations by text and video for £4.99 monthly, aiming to revolutionize healthcare accessibility globally while facing challenges in patient safety and competition.","Babylon Health, a subscription service accessible via a smartphone app, offers users unlimited medical consultations by text and video for £4.99 monthly, with global ambitions to enhance healthcare accessibility despite concerns over patient safety and increasing competition.",yes,no,No,No,No,
"Generate an appropriate single-sentence summary for the given text such that it includes the main topic of the text.
He suggested the current set of proposals left too many powers in Westminster. The draft Wales Bill would give new powers to the assembly over energy, transport and its own elections. Critics like the Welsh government have said the bill risks rolling back on the current devolution settlement. The bill was published as a draft so it could be ""improved"", Mr Crabb said, and there was ""bags and bags of time"" to make changes before the bill goes through parliament. ""I do expect the final piece of legislation that gets Royal Assent to be significantly different from the draft, but let's see how people use this time to come forward with ideas,"" he told AMs. 'Hovercrafts' The bill uses a reserved powers model which lists the powers that will be reserved to Westminster and assumes everything else is the responsibility of the assembly. Asked about the list of reservations, he said: ""I think the list of reservations is too long. I think the whole point of having a draft bill is we can have a look at that and do some work together to try to bring that down."" Giving examples of things that Westminster would reserve responsibility for, he said he was ""surprised to see hovercrafts mentioned"". The final list of reserved matters would be ""considerably shorter than the one that's in this draft text"", he said. But he said the bill was ""a big step forward in terms of providing clarity"" about which matters were decided in Cardiff Bay and what stayed in Westminster.","He suggested the current set of proposals left too many powers in Westminster. The draft Wales Bill would give new powers to the assembly over energy, transport and its own elections. Critics like the Welsh government have said the bill risks rolling back on the current devolution settlement. The bill was published as a draft so it could be ""improved"", Mr Crabb said, and there was ""bags and bags of time"" to make changes before the bill goes through parliament. ""I do expect the final piece of legislation that gets Royal Assent to be significantly different from the draft, but let's see how people use this time to come forward with ideas,"" he told AMs. 'Hovercrafts' The bill uses a reserved powers model which lists the powers that will be reserved to Westminster and assumes everything else is the responsibility of the assembly. Asked about the list of reservations, he said: ""I think the list of reservations is too long. I think the whole point of having a draft bill is we can have a look at that and do some work together to try to bring that down."" Giving examples of things that Westminster would reserve responsibility for, he said he was ""surprised to see hovercrafts mentioned"". The final list of reserved matters would be ""considerably shorter than the one that's in this draft text"", he said. But he said the bill was ""a big step forward in terms of providing clarity"" about which matters were decided in Cardiff Bay and what stayed in Westminster.",Welsh Secretary Stephen Crabb has said he expects to make big changes to proposals for the next stage of devolution before they come into law.,"The draft Wales Bill proposes new powers for the Welsh assembly over energy, transport, and elections using a reserved powers model, but critics argue it retains too many powers in Westminster and risks reversing the current devolution settlement.","The draft Wales Bill proposes new powers for the Welsh assembly using a reserved powers model, with plans to reduce the list of reservations, aiming to clarify which matters are decided in Cardiff Bay versus Westminster, though critics argue it retains too many powers in Westminster.",yes,no,No,No,No,
"Generate an appropriate single-sentence summary for the given text such that it includes the main topic of the text.
Holly Burke, 28, was pronounced dead at the scene of the crash in Lordswood Road, Birmingham, on Tuesday night. Darren Ogom, 42, did not enter a plea to a charge of causing death by dangerous driving when he appeared at Birmingham Magistrates' Court. He was remanded in custody to appear at the city's crown court on 21 February. Mr Ogom spoke only to confirm his name, address and nationality during a five-minute hearing. He is accused of causing Ms Burke's death by driving a silver Renault Megane Scenic dangerously. Police said the vehicle had been involved in a 15-minute police pursuit before it collided with Ms Burke's car in the Bearwood area of the city. Mr Ogom, of Longdales Road, Kings Norton, also faces charges of driving without a licence, driving with no insurance and failing to stop for a police officer. Ms Burke had been a police community support officer (PCSO) with West Midlands Police for 14 months. Ch Supt Kenny Bell said it was ""a desperately sad time for everyone who knew Holly"". Police and Crime Commissioner David Jamieson described Ms Burke's death as ""truly tragic"" and said she was ""greatly valued"" by the force and the communities she served. The force said the circumstances surrounding the crash had been referred to the Independent Office for Police Conduct which said it has been gathering evidence including body-worn and in-car footage. Follow BBC West Midlands on Facebook, on Twitter, and sign up for local news updates direct to your phone.","Holly Burke, 28, was pronounced dead at the scene of the crash in Lordswood Road, Birmingham, on Tuesday night. Darren Ogom, 42, did not enter a plea to a charge of causing death by dangerous driving when he appeared at Birmingham Magistrates' Court. He was remanded in custody to appear at the city's crown court on 21 February. Mr Ogom spoke only to confirm his name, address and nationality during a five-minute hearing. He is accused of causing Ms Burke's death by driving a silver Renault Megane Scenic dangerously. Police said the vehicle had been involved in a 15-minute police pursuit before it collided with Ms Burke's car in the Bearwood area of the city. Mr Ogom, of Longdales Road, Kings Norton, also faces charges of driving without a licence, driving with no insurance and failing to stop for a police officer. Ms Burke had been a police community support officer (PCSO) with West Midlands Police for 14 months. Ch Supt Kenny Bell said it was ""a desperately sad time for everyone who knew Holly"". Police and Crime Commissioner David Jamieson described Ms Burke's death as ""truly tragic"" and said she was ""greatly valued"" by the force and the communities she served. The force said the circumstances surrounding the crash had been referred to the Independent Office for Police Conduct which said it has been gathering evidence including body-worn and in-car footage. Follow BBC West Midlands on Facebook, on Twitter, and sign up for local news updates direct to your phone.",A man has appeared in court charged with killing an off-duty PCSO whose car was hit by a vehicle being pursued by police.,"A 42-year-old man faces charges, including causing death by dangerous driving, after a police pursuit ended in a fatal crash that killed Holly Burke, a 28-year-old police community support officer in Birmingham.",A 42-year-old man has been charged with causing the death of 28-year-old police community support officer Holly Burke through dangerous driving after a police pursuit in Birmingham.,yes,no,No,No,No,
"Generate an appropriate single-sentence summary for the given text such that it includes the main topic of the text.
Last week a young boy in Perth attended a school event with his skin painted black in tribute to his idol, Australian Rules player Nic Naitanui. The incident sparked furious discussion on social media. Bec Bee, who is of Aboriginal descent, said there were ""double standards"" inflaming racial debates in Australia. ""I didn't see blackface,"" she told the BBC. ""I saw a young fella who was proud to emulate his idol. There was no intent of racism."" The mother-of-two from Far North Queensland shared a photo on Facebook showing her daughter dressed as a Dr Seuss character in a red wig and white face paint for a similar school event three years ago. ""Not once did anyone say anything when I painted my black daughter white 3 years ago. We need to stop the double standards, a hero is a hero!"" Ms Bee wrote. 'Innocent' She suggested the boy would likely be scarred by the controversy surrounding his innocent admiration for a sports star. Ms Bee said: ""I showed my daughter the article about the young boy… She said 'I'm proud that he wants to be the same colour as me'."" She said she did not believe the Western Australian mother at the centre of the debate had any intention of offending people. ""If this little boy and his mum had been mocking Indigenous culture then I can totally see how this is offensive,"" she said. But some on social media disagreed with Ms Bee, saying the two photos were not comparable due to the historical usage of blackface to mock people of colour. ""Just because it doesn't offend you, doesn't mean it's not offensive,"" said Facebook user Aliera French. The mother of the child who dressed in blackface last week said her son regarded Mr Naitanui as his idol and he wanted to dress up as him for Book Week. Mr Naitanui, who is of Fijian heritage, said on Twitter that he did not believe there was any intentional offence but said the mother should ""reflect and choose an alternate method next time"".","Last week a young boy in Perth attended a school event with his skin painted black in tribute to his idol, Australian Rules player Nic Naitanui. The incident sparked furious discussion on social media. Bec Bee, who is of Aboriginal descent, said there were ""double standards"" inflaming racial debates in Australia. ""I didn't see blackface,"" she told the BBC. ""I saw a young fella who was proud to emulate his idol. There was no intent of racism."" The mother-of-two from Far North Queensland shared a photo on Facebook showing her daughter dressed as a Dr Seuss character in a red wig and white face paint for a similar school event three years ago. ""Not once did anyone say anything when I painted my black daughter white 3 years ago. We need to stop the double standards, a hero is a hero!"" Ms Bee wrote. 'Innocent' She suggested the boy would likely be scarred by the controversy surrounding his innocent admiration for a sports star. Ms Bee said: ""I showed my daughter the article about the young boy… She said 'I'm proud that he wants to be the same colour as me'."" She said she did not believe the Western Australian mother at the centre of the debate had any intention of offending people. ""If this little boy and his mum had been mocking Indigenous culture then I can totally see how this is offensive,"" she said. But some on social media disagreed with Ms Bee, saying the two photos were not comparable due to the historical usage of blackface to mock people of colour. ""Just because it doesn't offend you, doesn't mean it's not offensive,"" said Facebook user Aliera French. The mother of the child who dressed in blackface last week said her son regarded Mr Naitanui as his idol and he wanted to dress up as him for Book Week. Mr Naitanui, who is of Fijian heritage, said on Twitter that he did not believe there was any intentional offence but said the mother should ""reflect and choose an alternate method next time"".",An Indigenous Australian mother has posted photos of her daughter dressed in "whiteface" in response to a debate over "blackface".,"A young boy in Perth painted his skin black to honor his idol, Australian Rules player Nic Naitanui, sparking a heated debate about race, cultural appropriation, and double standards in Australia.","A young boy in Perth painted his skin black to emulate his idol, Australian Rules player Nic Naitanui, leading to a contentious social media discussion about race and cultural sensitivity in Australia.",yes,yes,No,Yes,No,
"Generate an appropriate single-sentence summary for the given text such that it includes the main topic of the text.
The soldiers were all members of the Church of Ireland parish of St Mark's, Dundela, in the east of the city. The notes contain the troops' messages of thanks for Christmas parcels sent to the trenches by people of the parish. The letters were discovered almost a century later in a former bishop's residence in the Republic of Ireland. The documents give a personal insight into trench warfare, as the soldiers battled against the cold, the mud and separation from their families back in Belfast. The Church of Ireland has commissioned a new documentary, The Boys from East Belfast, which details the attempts to find out more about the men who wrote the letters. The correspondence was addressed to the soldiers' former parish rector, Dr Arthur Barton, who later went on to become Archbishop of Dublin. They were found about two years ago, in the basement of Kilmore See House, County Cavan, where Dr Barton lived during his tenure as Bishop of Kilmore. The discovery was made by Church of Ireland archivist, Dr Susan Hood, as she helped to clear the property before it was put on the market. ""The role of the archivist is to keep records safe,"" Dr Hood told BBC Radio Ulster. ""There was a lot of material, but I do remember on particular tea chest in the basement, removing stuff from it and wondering why there was a lot about Belfast in it."" Dr Hood took the letters back to the Representative Church Body (RCB) library in Dublin, and found out that Dr Barton had been appointed rector at St Mark's, Dundela in 1914, the year the war began. She said the letters showed the soldiers were thinking about their families back in Belfast, and hopes of getting back to Dundela were ""keeping them going"". ""We learn from them conditions are awful, the weather is bad, the guys are really reflecting on what they're going through, so we get a sense about the war,"" Dr Hood said. ""We also get a sense about what is going on at home, and in this way Barton is a very special link for them, because some of them are thanking him for looking after their wives and their families, in a pastoral sense."" The ""comfort parcels"" contained items such as socks and mittens, and took several weeks to reach the troops on the Western Front. It is believed that all 10 soldiers survived the war, and documentary features research carried out by Jason Burke, from the Great War Project East Belfast, who tried to find out what happened to them when they came home. ""For me, the interesting thing about the Great War is about the men themselves, and their social backgrounds, rather than military history,"" Mr Burke told BBC Radio Ulster. ""We've unearthed some interesting things about one or two of the men who were involved in these letters."" Mr Burke found out that although Royal Irish Rifles soldier William John Sterrett survived World War One, he was later listed as a civilian casualty of World War Two. Mr Sterrett served as a sergeant with the Home Guard during the Second World War, but was killed during the Belfast Blitz in May, 1941. ""The Germans eventually caught up with him,"" Mr Burke said. ""He came through The Battle of Cambrai, where 95,000 people perished, and then sadly dies on his own doorstep."" The film was shown to the public at St Mark's church, Dundela, on Monday night, where the letters have been put on display for remembrance week. From 11 November, the documentary will be available to view on the Church of Ireland website.","The soldiers were all members of the Church of Ireland parish of St Mark's, Dundela, in the east of the city. The notes contain the troops' messages of thanks for Christmas parcels sent to the trenches by people of the parish. The letters were discovered almost a century later in a former bishop's residence in the Republic of Ireland. The documents give a personal insight into trench warfare, as the soldiers battled against the cold, the mud and separation from their families back in Belfast. The Church of Ireland has commissioned a new documentary, The Boys from East Belfast, which details the attempts to find out more about the men who wrote the letters. The correspondence was addressed to the soldiers' former parish rector, Dr Arthur Barton, who later went on to become Archbishop of Dublin. They were found about two years ago, in the basement of Kilmore See House, County Cavan, where Dr Barton lived during his tenure as Bishop of Kilmore. The discovery was made by Church of Ireland archivist, Dr Susan Hood, as she helped to clear the property before it was put on the market. ""The role of the archivist is to keep records safe,"" Dr Hood told BBC Radio Ulster. ""There was a lot of material, but I do remember on particular tea chest in the basement, removing stuff from it and wondering why there was a lot about Belfast in it."" Dr Hood took the letters back to the Representative Church Body (RCB) library in Dublin, and found out that Dr Barton had been appointed rector at St Mark's, Dundela in 1914, the year the war began. She said the letters showed the soldiers were thinking about their families back in Belfast, and hopes of getting back to Dundela were ""keeping them going"". ""We learn from them conditions are awful, the weather is bad, the guys are really reflecting on what they're going through, so we get a sense about the war,"" Dr Hood said. ""We also get a sense about what is going on at home, and in this way Barton is a very special link for them, because some of them are thanking him for looking after their wives and their families, in a pastoral sense."" The ""comfort parcels"" contained items such as socks and mittens, and took several weeks to reach the troops on the Western Front. It is believed that all 10 soldiers survived the war, and documentary features research carried out by Jason Burke, from the Great War Project East Belfast, who tried to find out what happened to them when they came home. ""For me, the interesting thing about the Great War is about the men themselves, and their social backgrounds, rather than military history,"" Mr Burke told BBC Radio Ulster. ""We've unearthed some interesting things about one or two of the men who were involved in these letters."" Mr Burke found out that although Royal Irish Rifles soldier William John Sterrett survived World War One, he was later listed as a civilian casualty of World War Two. Mr Sterrett served as a sergeant with the Home Guard during the Second World War, but was killed during the Belfast Blitz in May, 1941. ""The Germans eventually caught up with him,"" Mr Burke said. ""He came through The Battle of Cambrai, where 95,000 people perished, and then sadly dies on his own doorstep."" The film was shown to the public at St Mark's church, Dundela, on Monday night, where the letters have been put on display for remembrance week. From 11 November, the documentary will be available to view on the Church of Ireland website.",World War letters written by 10 young soldiers from Belfast as they served on the Western Front in early 1918 have inspired a new short film.,"A newly commissioned documentary, ""The Boys from East Belfast,"" explores the personal stories of soldiers from the Church of Ireland parish of St Mark's, Dundela, who wrote heartfelt letters during World War I, expressing gratitude for Christmas parcels and revealing insights into trench warfare and their connections to home.","A newly commissioned documentary, ""The Boys from East Belfast,"" explores the personal stories of soldiers from the Church of Ireland parish of St Mark's, Dundela, who wrote letters during World War I expressing gratitude for Christmas parcels, providing insights into trench warfare and their connections to home, and includes research on their lives after the war.",yes,no,No,No,No,
"In this task, you are given a conversation, and your task is to generate a summary from the information present in the given conversation. Generate a summary in such a way that the context should be present in the conversation. It should cover the complete context of the conversation. 
 Riley: Whats up with your brother, hes been texting me since morning, Brandon: Did you reply her?, Riley: No ","Riley: Whats up with your brother, hes been texting me since morning, Brandon: Did you reply her?, Riley: No",Brandon's brother has been texting Riley since morning. Riley hasn't replied.,"Riley mentions that Brandon's brother has been texting them since the morning, but Riley has not replied to those messages. Brandon asks Riley if they have replied to the texts.","Riley mentions that Brandon's brother has been texting them since the morning. Brandon asks Riley if they have replied, to which Riley responds that they have not.",yes,no,No,Yes,No,
"In this task, you are given a Reddit post as a text. Your task is to generate a short summary for this text. The summary must include a situation which caused humor. The summary should be one or two sentences long.
Text: ok, before i start, let me please stress that i love animals and absolutely do not condone animal cruelty in any form.  that being said, i live in a small house with three large dogs and four, now, five cats.  inside.  not to mention the wife and two kiddos!  needless to say, on the best of days, it can be a handful.  when my wife brought home a little grey and white kitten (#5) a couple months ago i was less than pleased.  i was, in fact, vehemently against it -- that little thing sure was cute though...  ever since that day that kitten has been an adorable, terrible, unstoppable monster.  
     last week, after arriving home from work, i had no sooner sat down on the couch when i heard the kitchen trash can topple over!  i jumped into the kitchen to find that beautiful abomination pawing at the contents of the can.  i am sorry to say but i had had enough.  with no plan or forethought, i swiped the kitten off the floor.  holding a kitten in a fit of rage is never a good idea and the only thing i could think is, ""i have got to put this frikken kitten somewhere before i hurt it!""  my eyes surveyed the scene for a temporary kitten confinement facility.  the washing machine!  perfect!  i stomped to the machine, flung open the lid, dropped the kitten, and dropped the lid.  the deed was done.
     i returned to the kitchen to sweep up the mess.  probably five minutes or so had passed by the time i returned to the washing machine.  i opened the lid with a much clearer mind and was floored by what i saw.  no cat.  i have the old drum in barrel style washing machine and as i was trying to see where this kitten had vanished to i came to a sickening realization.  under the drum where the clothes sit, inside a slightly larger barrel, is water.  
     i dashed for my toolbox and began to tear this machine apart like a maytag repairman possessed!  i had screws, bolts, and clips flying from one end of the house to the other.  it may be worth mentioning that i have never repaired or disassembled any appliance in my life.  i finally got enough of the back peeled apart to peek inside.  there was absolutely no way to get to the inside the drum from the back.  i had to take the top off completely separately.  by this time, i was thinking, ""the poor little thing has surely drowned and not only will i be responsible for its death, i'll have to fish it out, and explain to my wife and children what happened!""  i began frantically yanking buttons and trim off the top but i could not figure out how in the world to do it!  i decided to check my newly-created washing machine back door for a way to get to the top. what would you suppose would greet me?  you guessed it.  that little grey and white kitten!  just sitting on the utility room floor, looking at me.   i have no idea how, but the kitten had escaped the inside of the washing machine,  only to wind up trapped beneath!  the kicker is, if i'd just lifted up the front and looked, i could have simply scooted her out! and my washing machine would still work...

 

edit:  typotypo","Text: ok, before i start, let me please stress that i love animals and absolutely do not condone animal cruelty in any form.  that being said, i live in a small house with three large dogs and four, now, five cats.  inside.  not to mention the wife and two kiddos!  needless to say, on the best of days, it can be a handful.  when my wife brought home a little grey and white kitten (#5) a couple months ago i was less than pleased.  i was, in fact, vehemently against it -- that little thing sure was cute though...  ever since that day that kitten has been an adorable, terrible, unstoppable monster.  
     last week, after arriving home from work, i had no sooner sat down on the couch when i heard the kitchen trash can topple over!  i jumped into the kitchen to find that beautiful abomination pawing at the contents of the can.  i am sorry to say but i had had enough.  with no plan or forethought, i swiped the kitten off the floor.  holding a kitten in a fit of rage is never a good idea and the only thing i could think is, ""i have got to put this frikken kitten somewhere before i hurt it!""  my eyes surveyed the scene for a temporary kitten confinement facility.  the washing machine!  perfect!  i stomped to the machine, flung open the lid, dropped the kitten, and dropped the lid.  the deed was done.
     i returned to the kitchen to sweep up the mess.  probably five minutes or so had passed by the time i returned to the washing machine.  i opened the lid with a much clearer mind and was floored by what i saw.  no cat.  i have the old drum in barrel style washing machine and as i was trying to see where this kitten had vanished to i came to a sickening realization.  under the drum where the clothes sit, inside a slightly larger barrel, is water.  
     i dashed for my toolbox and began to tear this machine apart like a maytag repairman possessed!  i had screws, bolts, and clips flying from one end of the house to the other.  it may be worth mentioning that i have never repaired or disassembled any appliance in my life.  i finally got enough of the back peeled apart to peek inside.  there was absolutely no way to get to the inside the drum from the back.  i had to take the top off completely separately.  by this time, i was thinking, ""the poor little thing has surely drowned and not only will i be responsible for its death, i'll have to fish it out, and explain to my wife and children what happened!""  i began frantically yanking buttons and trim off the top but i could not figure out how in the world to do it!  i decided to check my newly-created washing machine back door for a way to get to the top. what would you suppose would greet me?  you guessed it.  that little grey and white kitten!  just sitting on the utility room floor, looking at me.   i have no idea how, but the kitten had escaped the inside of the washing machine,  only to wind up trapped beneath!  the kicker is, if i'd just lifted up the front and looked, i could have simply scooted her out! and my washing machine would still work...

 

edit:  typotypo",op thought he inadvertently drowned his kitten by putting it "in time out" in a washing machine.  he didn't.  he did break his washing machine.,"A Reddit user humorously recounts the chaos caused by a mischievous kitten that knocked over a trash can, leading to it being temporarily confined in a washing machine. In a hilarious twist, the kitten managed to escape the machine's drum and was found sitting innocently on the floor, while the user frantically dismantled the appliance fearing the worst.","A Reddit user shares a humorous story about a mischievous kitten that knocked over a trash can, leading to it being placed in a washing machine. In a surprising twist, after the user dismantled the appliance fearing the worst, the kitten was found sitting innocently on the floor, having escaped from beneath the machine.",yes,no,No,Yes,No,
"In this task, you are given a Reddit post as a text. Your task is to generate a short summary for this text. The summary must include a situation which caused humor. The summary should be one or two sentences long.
Text: so a year ago i got a job as a cashier at my local mall. i was a junior at the time, and met a fellow cashier there the same age. we'll call her pam. pam had an awesome personality and was very attractive, but also was engaged (i repeat, we both were in high school at the time). realizing she was definitely taken, i ended up establishing a pretty good friendship with her. we became close enough that one day she decided to set me up with her sister. apparently, she had a sister that looked nearly identical to her, was hardly a year younger, and had just recently became single. we'll call her lucy. i was reluctant because i've had bad experience with blind dates. she said we could double date, me and lucy, and pam and her fiance. i agreed.

we went to a chinese restaurant (one that is now shut down due to sanitation violations) and had a good time. lucy was shy, but i could tell with some time her personality would come out. we texted for a couple days afterwards and agreed to hang out again. she invited me over her house the next weekend. 

i was too young to have my license, so my mom had to drop me off. on the way there, she kept stressing, ""make sure you shake her dad's hand."" she must have repeated it 8 times. it was drilled into my head and the only thing i had on my mind as i knocked on the front door. lucy's mom let me in. she was very friendly and kind. behind her was lucy's dad. now was the moment of truth. i made eye contact with him, nodded my head and said hello. he sort of half-smiled back and said hello. he didn't attempt to initiate the handshake, which surprised me, but i figured it was a test. i confidently stuck out my hand. he paused a second, then began moving his right arm. then, all at once, a horrible memory flashed back to my mind. 

i had a conversation with pam once, where she told me about her dad. years ago, he had a stroke and lost most of the function in the right side of his body. somehow i had forgotten this fact. 

he kept swinging his arm up, clearly giving a ton of effort. his whole arm shook, and his fingers were all curled together, unable to even separate. i was mortified with myself, but realized it would be worse to start-then-retract rather than just follow through. the problem was the fact that, like i said, his fingers could not separate to actually grab my hand. because of this, i had to improvise. i have large hands, so i decided to grab his fist. i just palmed his jumbled up hand like it was a basketball. having him entirely enclosed in my grip and likely causing him pain, i tried to end the awkwardness as quick as i could. i looked him in the eyes and while still palming his hand, i said, ""nice to meet you."" he looked back at me and quickly dropped his gaze, frowning with the half of his face that worked. 
thinking that was an omen, i hung out with lucy that day and never texted her again.","Text: so a year ago i got a job as a cashier at my local mall. i was a junior at the time, and met a fellow cashier there the same age. we'll call her pam. pam had an awesome personality and was very attractive, but also was engaged (i repeat, we both were in high school at the time). realizing she was definitely taken, i ended up establishing a pretty good friendship with her. we became close enough that one day she decided to set me up with her sister. apparently, she had a sister that looked nearly identical to her, was hardly a year younger, and had just recently became single. we'll call her lucy. i was reluctant because i've had bad experience with blind dates. she said we could double date, me and lucy, and pam and her fiance. i agreed.

we went to a chinese restaurant (one that is now shut down due to sanitation violations) and had a good time. lucy was shy, but i could tell with some time her personality would come out. we texted for a couple days afterwards and agreed to hang out again. she invited me over her house the next weekend. 

i was too young to have my license, so my mom had to drop me off. on the way there, she kept stressing, ""make sure you shake her dad's hand."" she must have repeated it 8 times. it was drilled into my head and the only thing i had on my mind as i knocked on the front door. lucy's mom let me in. she was very friendly and kind. behind her was lucy's dad. now was the moment of truth. i made eye contact with him, nodded my head and said hello. he sort of half-smiled back and said hello. he didn't attempt to initiate the handshake, which surprised me, but i figured it was a test. i confidently stuck out my hand. he paused a second, then began moving his right arm. then, all at once, a horrible memory flashed back to my mind. 

i had a conversation with pam once, where she told me about her dad. years ago, he had a stroke and lost most of the function in the right side of his body. somehow i had forgotten this fact. 

he kept swinging his arm up, clearly giving a ton of effort. his whole arm shook, and his fingers were all curled together, unable to even separate. i was mortified with myself, but realized it would be worse to start-then-retract rather than just follow through. the problem was the fact that, like i said, his fingers could not separate to actually grab my hand. because of this, i had to improvise. i have large hands, so i decided to grab his fist. i just palmed his jumbled up hand like it was a basketball. having him entirely enclosed in my grip and likely causing him pain, i tried to end the awkwardness as quick as i could. i looked him in the eyes and while still palming his hand, i said, ""nice to meet you."" he looked back at me and quickly dropped his gaze, frowning with the half of his face that worked. 
thinking that was an omen, i hung out with lucy that day and never texted her again.",i awkwardly crushed the hand of a stroke victim.,"A high school cashier went on a double date with his friend Pam, her sister Lucy, and Pam's fiancé. During a visit to Lucy's house, he awkwardly attempted to shake hands with Lucy's father, forgetting that the man's right side was paralyzed from a stroke, leading to an uncomfortable and memorable greeting.","A high school cashier went on a double date with his friend Pam, her sister Lucy, and Pam's fiancé. During a visit to Lucy's house, he awkwardly attempted to shake hands with Lucy's father, forgetting that the man had lost most function in his right side due to a stroke, leading to an uncomfortable and memorable greeting.",yes,no,No,No,No,
"In this task, you are given a Reddit post as a text. Your task is to generate a short summary for this text. The summary must include a situation which caused humor. The summary should be one or two sentences long.
Text: so today my friend and i were eating at one of our university's cafeterias, and he was writing a paper. so after a while he gets up to use the restroom and jokingly asks me to finish his paper for him. so naturally i thought ""well i'm gonna fuck with him"". so i decided to start writing a new paper, and just made every word ""chicken"", like that chicken paper that has been floating around the internet for a while. so anyways, i made it look like a real paper with the formatting and whatnot and got about a good solid page down before some dude comes to sit down with me. lets call him steve. well steve is with this chick, and he's part of a campus club that is against sex trafficking and is trying to raise awareness of it. he's also like 6""3 and black. they want to get a picture of the two of us talking so that they can use that for their newsletter. so i move my friends computer over, so that it looks like we're having a real 1-1 convo. so we had this real forced convo and then they said thanks and then they left. my friend comes back, and asks me what they wanted and i explained it to him and then as he moves his laptop back, because i had accidentally faced it towards were the chick was standing, and i froze and started fucking dying of laughter. he couldn't figure out why i was basically crying, so i had to explain to him that some people are about to publish a public photo of me talking to a big black guy with, what looks to be, my laptop which literally only says ""chicken"". fuck.","Text: so today my friend and i were eating at one of our university's cafeterias, and he was writing a paper. so after a while he gets up to use the restroom and jokingly asks me to finish his paper for him. so naturally i thought ""well i'm gonna fuck with him"". so i decided to start writing a new paper, and just made every word ""chicken"", like that chicken paper that has been floating around the internet for a while. so anyways, i made it look like a real paper with the formatting and whatnot and got about a good solid page down before some dude comes to sit down with me. lets call him steve. well steve is with this chick, and he's part of a campus club that is against sex trafficking and is trying to raise awareness of it. he's also like 6""3 and black. they want to get a picture of the two of us talking so that they can use that for their newsletter. so i move my friends computer over, so that it looks like we're having a real 1-1 convo. so we had this real forced convo and then they said thanks and then they left. my friend comes back, and asks me what they wanted and i explained it to him and then as he moves his laptop back, because i had accidentally faced it towards were the chick was standing, and i froze and started fucking dying of laughter. he couldn't figure out why i was basically crying, so i had to explain to him that some people are about to publish a public photo of me talking to a big black guy with, what looks to be, my laptop which literally only says ""chicken"". fuck.","had a picture taken of me with a black guy, with my laptop that only says ""chicken"" on it, and they're publishing it in a newsletter.","A student jokingly writes a paper filled with the word ""chicken"" while his friend is away, leading to an awkward photo opportunity with a campus club that captures him next to the humorous document. The situation becomes hilariously ironic when the photo is intended for a serious anti-sex trafficking campaign.","A student writes a paper filled with the word ""chicken"" as a joke while his friend is away, leading to an awkward moment when a campus club takes a photo of him next to the humorous document for their anti-sex trafficking campaign. The humor arises when the friend returns and discovers the unintended context of the photo.",yes,no,No,Yes,No,
"In this task, you are given a Reddit post as a text. Your task is to generate a short summary for this text. The summary must include a situation which caused humor. The summary should be one or two sentences long.
Text: tifu and am going mad. my boyfriend bought me a 3ds for christmas and i was ecstatic. i'd never received a gift so expensive before and i treasured it dearly. i played it non-stop for months, but in may my clinic duty started (i'm a med student). i had to leave my house for a week at a time, and i knew i wouldn't have time to play my 3ds. so i decided to hide it. this is because i don't really trust the people in my house (money tends to go missing occasionally). i hid it somewhere in my room, in one of my many boxes that you really have to dig through to get.


so yeah, in mid-may, i left and didn't think about the 3ds for a long while. during my duty (which lasted 6 weeks), i got very stressed, shit happened, and come june one day i thought ""hey i haven't played that thing in a while.""


thing is, i couldn't find it. i couldn't fucking believe it. i looked everywhere, checked all my hiding places. emptied out my bags and boxes. it was gone. i looked all over the house. nowhere in sight. now, the problem is, our house has a lot of the ff: boxes, cabinets, shelves, nooks, crannies, etc. and now i'm getting paranoid and feeling crazy and thinking i might've hid it somewhere else other than my room. but no, can't be. right? i don't know anymore.


and my boyfriend still doesn't know. i know he'll be heartbroken if he finds out that i lost it, and i'm losing my mind because i've never lost anything this expensive, and i have a big feeling it's still somewhere in my house.


but there's also a possibility that someone took it. possible suspects:


a) my father - well, not really. he doesn't care.

b) my half-brother - hate this guy, he is scum. refuses to get a job, stays home all day. and he has a history of stealing: he stole his own daughter's laptop and sold it to get more money for drugs.

c) my niece - the daughter in question. we share a room. she's a nice kid. besides, i turned my room inside out looking already and it's not among her stuff.

d) the cleaning lady - she was actually nice to me and wouldn't even steal wads of bills i'd leave in my clothes pockets. she always gave them back. but she's not with us anymore (left a few weeks ago) so i can't ask her anything.


right now my half-brother seems like the biggest suspect, but i also highly doubt that he would go through all that trouble to find my 3ds and sell it. besides, he's slow and lazy, and i always leave an iphone i don't use on my desk in plain view -- if there's anything he'd steal, it's that.


basically, been searching for 2 months, still can't find my 3ds. ripped my room apart for the nth time today. there's no way it could possibly be in here. have a nagging feeling it's somewhere in the house and i can't stop thinking about it. i feel like if i don't find it, this is going to bother me for the rest of my life.","Text: tifu and am going mad. my boyfriend bought me a 3ds for christmas and i was ecstatic. i'd never received a gift so expensive before and i treasured it dearly. i played it non-stop for months, but in may my clinic duty started (i'm a med student). i had to leave my house for a week at a time, and i knew i wouldn't have time to play my 3ds. so i decided to hide it. this is because i don't really trust the people in my house (money tends to go missing occasionally). i hid it somewhere in my room, in one of my many boxes that you really have to dig through to get.


so yeah, in mid-may, i left and didn't think about the 3ds for a long while. during my duty (which lasted 6 weeks), i got very stressed, shit happened, and come june one day i thought ""hey i haven't played that thing in a while.""


thing is, i couldn't find it. i couldn't fucking believe it. i looked everywhere, checked all my hiding places. emptied out my bags and boxes. it was gone. i looked all over the house. nowhere in sight. now, the problem is, our house has a lot of the ff: boxes, cabinets, shelves, nooks, crannies, etc. and now i'm getting paranoid and feeling crazy and thinking i might've hid it somewhere else other than my room. but no, can't be. right? i don't know anymore.


and my boyfriend still doesn't know. i know he'll be heartbroken if he finds out that i lost it, and i'm losing my mind because i've never lost anything this expensive, and i have a big feeling it's still somewhere in my house.


but there's also a possibility that someone took it. possible suspects:


a) my father - well, not really. he doesn't care.

b) my half-brother - hate this guy, he is scum. refuses to get a job, stays home all day. and he has a history of stealing: he stole his own daughter's laptop and sold it to get more money for drugs.

c) my niece - the daughter in question. we share a room. she's a nice kid. besides, i turned my room inside out looking already and it's not among her stuff.

d) the cleaning lady - she was actually nice to me and wouldn't even steal wads of bills i'd leave in my clothes pockets. she always gave them back. but she's not with us anymore (left a few weeks ago) so i can't ask her anything.


right now my half-brother seems like the biggest suspect, but i also highly doubt that he would go through all that trouble to find my 3ds and sell it. besides, he's slow and lazy, and i always leave an iphone i don't use on my desk in plain view -- if there's anything he'd steal, it's that.


basically, been searching for 2 months, still can't find my 3ds. ripped my room apart for the nth time today. there's no way it could possibly be in here. have a nagging feeling it's somewhere in the house and i can't stop thinking about it. i feel like if i don't find it, this is going to bother me for the rest of my life.","hid my 3ds before going away from home, came back, until now can't find it.","The user hid their expensive 3DS in a safe spot before leaving for weeks and forgot where they stashed it, leading to a frantic and fruitless search upon return. The humor arises from the irony of trying to protect the gift but ending up losing it themselves, while suspecting others of theft.","The user hid their expensive 3DS in a safe spot before leaving for weeks and forgot where they stashed it, leading to a frantic and fruitless search upon return. The humor arises from the irony of trying to protect the gift but ending up losing it themselves, while suspecting others of theft.",yes,yes,Yes,Yes,No,
"In this task, you are given a Reddit post as a text. Your task is to generate a short summary for this text. The summary must include a situation which caused humor. The summary should be one or two sentences long.
Text: we were all young and dumb, once. hell, a good bit of these stories here on tifu are colorful memoirs of stupid mistakes and unfortunate incidents from when we were young. situations where we pushed the envelope when we shouldn't have. or times when we thought we had gotten away scot-free; only for murphy and his law to show up with lady karma and royally fuck things up for us in tag-team fashion. let me take you back to a time when i was young, dumb and pushed the envelope further than i should have. and didn't get away scot-free.


*somewhere in a nondescript suburb in a nondescript us town.*


it was the dead of winter. the snow crunched underneath our boots, as i wandered through the woods behind my house, with ""beth"" *(which we will call her for this story)* in tow. we're taking drags from our cigarettes in between bits of conversation, while navigating the frozen forest and trying not to get our eyes poked out from rogue tree branches. just two friends, taking a walk and using it as an opportunity to get our nicotine fix without the parental units knowing.


beth had been my best friend for years. she was a tomboy. we pretty much grew up together and when we were young, we had a habit of raising hell and causing chaos for sheer amusment. the stories i could tell about the stupid things we did......anyway, due to my relocation at the point in time in which this story takes place, our time together was few and far between anymore. when we did meet up for a visit, we tried to make the most of it. and boy, did we ever, on this particular occasion. 


one of our favorite past-times from our glory days was tagging passing cars with snowballs. i'm sure some of you readers have done this once or twice when you were kids. we'd hunker down somewhere and whip snowballs at passing cars on the street. most of the time, the cars would keep driving. sometimes they would stop and sit there, just bewildered. all the while, we're giggling in our hiding spot, waiting for them to drive off. well, during our walk through the woods, we decided to relive that portion of our youth on this day.


we're making our way through the woods to find a suitable location to carry out this act of mischief. there's a spot where the edge of the woods is somewhat close to the main inlet street of the subdivision. not to mention, the ground between the street and the tree line slopes downhill just enough to where we can still see cars, yet remain out of plain sight. the cherry on top was that there was a spot in the edge of the treeline that provided some good concealment with all the brush and foliage, as well as great line of sight. this is perfect. we have good cover, and a guaranteed, target-rich environment. preparations for our fighting position are carried out in glee and haste.


with our snowy foxhole dug out, camouflaged and stockpiled with ""ammo"", we commenced our fire missions. we took turns lobbing snowballs at the occasional passing car and keeping score, trying to one-up each other. some cars would stop - in which we would hunker down and back further into the treeline. some cars would just keep going, none the wiser. however, we were missing more than what we were hitting. we weren't seeing the cars until they were almost passing us. time for a new strategy.


beth clambers through the brush and darts to the wooded hill across the road. *perfect!* the top of the hill provided a great overwatch position, overlooking the street. hell, we should've set up over there in the first place. i stayed behind in the foxhole while beth played the role of spotter and second ""battery"" from the hill. she would spot the incoming cars and alert me via hand signal. plus, this provided us with two fields of fire - giving us an opportunity to tag-team cars from two different directions. oh it was glorious. i giggled incessantly each time our ""rounds"" found their mark. hearing the ""whap"" of the snowballs hitting cars and seeing chunks of snow explode into the air upon impact, sent me into fits of maniacal laughter. here i am, in my mid-teens, giggling like a child in a snow hole and pissing off motorists by fucking up their commute. what am i doing with my life?


beth comes down from the hill and joins me back in the foxhole. we continue our barrage in the name of frosty mischief........until i threw the last snowball that i would ever throw at a car.


we hear a car coming our way. it's my turn to throw, so i pluck a couple snowballs from our stockpile and prepare for launch. me and beth were still keeping score and i had missed the last couple cars. i had to redeem myself with this one. eyes on target, i wind up and whip that sucker towards the car. it finds it's mark with a satisfying ""thump"" off the quarter panel. yes! good effect!


however, my moment of ""victory"" was abruptly cut short by the sound of brakes locking up and tires squealing to a sudden halt. **""errrrrrrrrkkkk!""** it was like somebody pulled the needle off the record and everything snapped back to reality. oh shit....the car stopped! beth and i get small, crouch down out of sight and wait for the car to drive off, like the others that stopped before. not this one. 

oh shit.....is that a car door? yes, that's a car door slamming shut. this is not good. we crouch down even more and did our best to stay still and absolutely quiet, keeping our ears open and listening for anything other than the idling car engine and the occasional wind through the trees. a voice in the distance broke the silence. a man.....probably in his 40s, i would guess. the exact words he used escape me now, but put it this way - he knew what had happened and he was rather pissed off. bits of the monologue included *""what the fuck"", ""who do you think you are?"", ""i know you're down there"".* i swear, with the amount of rage that this guy was letting off, you'd think he'd had the worst day ever. maybe he did and my well placed snowball was the icing on the cake that sent him over the edge. who knows. all i know, is that this guy was blowing a gasket and the situation was looking bleaker by the second.


beth and i stay quiet, hoping that he'll abandon his search and return to his car. our hearts were racing and the tension in the air was so thick, you'd probably need a jackhammer to break through it. the voice is getting closer. shit........we had no exit strategy. stupid, stupid, stupid! we start backpedaling slowly, putting ourselves into position to escape if we had to. then.....as if on cue, we were greeted by the sounds of rustling brush and snapping tree limbs fairly close by. 


motherfucker..........


we have contact.


*oh fuck! oh fuck! oh fuck! oh fuck!* these are the thoughts running through my head as i realize that this guy is now crashing through the treeline towards our position, hollering and hellbent on revenge. well kids, this ends the stealth portion of our mission. beth grabs me and we take off into a sprint, running for our lives and dodging trees like luke on a speeder bike in the forest of the endor moon. this motherfucker is chasing us! where are the ewoks when we need them? those furry little bastards can show up at any time now! 


adrenaline is coursing through my veins and i'm looking back as we're hauling ass out of dodge, trying to get a glimpse of our pursuer. beth gracefully clears a low lying tree branch in our path. i try to follow suit and like a typical horror movie cliche, i trip over it, bust my knee and go tumbling ass over teakettle. what perfect timing. did i mention there's an enraged lunatic chasing us? yup, here i am, struggling to get up, while some asshole with presumably-bad-intentions - is gaining on me. this is turning into a shitshow real quick.


the pain in my knee subsides just enough to where i can muster up the strength to get back on my feet. i end up hobbling and hopping until i'm fully mobile again, then i break into a run. the hollering of expletives and rage become more distant as i dash the rest of the way through the trails back to my house. huffing and puffing, me and beth are just standing there, looking at each other with a ""wtf just happened?"" look. no more sounds of hollering and rustling in the trees. either the lunatic gave up and let us run, or we lost him. to be safe, we got the fuck in the house and stayed there, in case he came driving through, looking for us.


beth and i still laugh about that story to this day. but that was the last time i ever threw a snowball at a car in mischief.


 

edit: it was endor moon - not dagobah - in which the speeder chase i referenced, had occurred. brain fart.","Text: we were all young and dumb, once. hell, a good bit of these stories here on tifu are colorful memoirs of stupid mistakes and unfortunate incidents from when we were young. situations where we pushed the envelope when we shouldn't have. or times when we thought we had gotten away scot-free; only for murphy and his law to show up with lady karma and royally fuck things up for us in tag-team fashion. let me take you back to a time when i was young, dumb and pushed the envelope further than i should have. and didn't get away scot-free.


*somewhere in a nondescript suburb in a nondescript us town.*


it was the dead of winter. the snow crunched underneath our boots, as i wandered through the woods behind my house, with ""beth"" *(which we will call her for this story)* in tow. we're taking drags from our cigarettes in between bits of conversation, while navigating the frozen forest and trying not to get our eyes poked out from rogue tree branches. just two friends, taking a walk and using it as an opportunity to get our nicotine fix without the parental units knowing.


beth had been my best friend for years. she was a tomboy. we pretty much grew up together and when we were young, we had a habit of raising hell and causing chaos for sheer amusment. the stories i could tell about the stupid things we did......anyway, due to my relocation at the point in time in which this story takes place, our time together was few and far between anymore. when we did meet up for a visit, we tried to make the most of it. and boy, did we ever, on this particular occasion. 


one of our favorite past-times from our glory days was tagging passing cars with snowballs. i'm sure some of you readers have done this once or twice when you were kids. we'd hunker down somewhere and whip snowballs at passing cars on the street. most of the time, the cars would keep driving. sometimes they would stop and sit there, just bewildered. all the while, we're giggling in our hiding spot, waiting for them to drive off. well, during our walk through the woods, we decided to relive that portion of our youth on this day.


we're making our way through the woods to find a suitable location to carry out this act of mischief. there's a spot where the edge of the woods is somewhat close to the main inlet street of the subdivision. not to mention, the ground between the street and the tree line slopes downhill just enough to where we can still see cars, yet remain out of plain sight. the cherry on top was that there was a spot in the edge of the treeline that provided some good concealment with all the brush and foliage, as well as great line of sight. this is perfect. we have good cover, and a guaranteed, target-rich environment. preparations for our fighting position are carried out in glee and haste.


with our snowy foxhole dug out, camouflaged and stockpiled with ""ammo"", we commenced our fire missions. we took turns lobbing snowballs at the occasional passing car and keeping score, trying to one-up each other. some cars would stop - in which we would hunker down and back further into the treeline. some cars would just keep going, none the wiser. however, we were missing more than what we were hitting. we weren't seeing the cars until they were almost passing us. time for a new strategy.


beth clambers through the brush and darts to the wooded hill across the road. *perfect!* the top of the hill provided a great overwatch position, overlooking the street. hell, we should've set up over there in the first place. i stayed behind in the foxhole while beth played the role of spotter and second ""battery"" from the hill. she would spot the incoming cars and alert me via hand signal. plus, this provided us with two fields of fire - giving us an opportunity to tag-team cars from two different directions. oh it was glorious. i giggled incessantly each time our ""rounds"" found their mark. hearing the ""whap"" of the snowballs hitting cars and seeing chunks of snow explode into the air upon impact, sent me into fits of maniacal laughter. here i am, in my mid-teens, giggling like a child in a snow hole and pissing off motorists by fucking up their commute. what am i doing with my life?


beth comes down from the hill and joins me back in the foxhole. we continue our barrage in the name of frosty mischief........until i threw the last snowball that i would ever throw at a car.


we hear a car coming our way. it's my turn to throw, so i pluck a couple snowballs from our stockpile and prepare for launch. me and beth were still keeping score and i had missed the last couple cars. i had to redeem myself with this one. eyes on target, i wind up and whip that sucker towards the car. it finds it's mark with a satisfying ""thump"" off the quarter panel. yes! good effect!


however, my moment of ""victory"" was abruptly cut short by the sound of brakes locking up and tires squealing to a sudden halt. **""errrrrrrrrkkkk!""** it was like somebody pulled the needle off the record and everything snapped back to reality. oh shit....the car stopped! beth and i get small, crouch down out of sight and wait for the car to drive off, like the others that stopped before. not this one. 

oh shit.....is that a car door? yes, that's a car door slamming shut. this is not good. we crouch down even more and did our best to stay still and absolutely quiet, keeping our ears open and listening for anything other than the idling car engine and the occasional wind through the trees. a voice in the distance broke the silence. a man.....probably in his 40s, i would guess. the exact words he used escape me now, but put it this way - he knew what had happened and he was rather pissed off. bits of the monologue included *""what the fuck"", ""who do you think you are?"", ""i know you're down there"".* i swear, with the amount of rage that this guy was letting off, you'd think he'd had the worst day ever. maybe he did and my well placed snowball was the icing on the cake that sent him over the edge. who knows. all i know, is that this guy was blowing a gasket and the situation was looking bleaker by the second.


beth and i stay quiet, hoping that he'll abandon his search and return to his car. our hearts were racing and the tension in the air was so thick, you'd probably need a jackhammer to break through it. the voice is getting closer. shit........we had no exit strategy. stupid, stupid, stupid! we start backpedaling slowly, putting ourselves into position to escape if we had to. then.....as if on cue, we were greeted by the sounds of rustling brush and snapping tree limbs fairly close by. 


motherfucker..........


we have contact.


*oh fuck! oh fuck! oh fuck! oh fuck!* these are the thoughts running through my head as i realize that this guy is now crashing through the treeline towards our position, hollering and hellbent on revenge. well kids, this ends the stealth portion of our mission. beth grabs me and we take off into a sprint, running for our lives and dodging trees like luke on a speeder bike in the forest of the endor moon. this motherfucker is chasing us! where are the ewoks when we need them? those furry little bastards can show up at any time now! 


adrenaline is coursing through my veins and i'm looking back as we're hauling ass out of dodge, trying to get a glimpse of our pursuer. beth gracefully clears a low lying tree branch in our path. i try to follow suit and like a typical horror movie cliche, i trip over it, bust my knee and go tumbling ass over teakettle. what perfect timing. did i mention there's an enraged lunatic chasing us? yup, here i am, struggling to get up, while some asshole with presumably-bad-intentions - is gaining on me. this is turning into a shitshow real quick.


the pain in my knee subsides just enough to where i can muster up the strength to get back on my feet. i end up hobbling and hopping until i'm fully mobile again, then i break into a run. the hollering of expletives and rage become more distant as i dash the rest of the way through the trails back to my house. huffing and puffing, me and beth are just standing there, looking at each other with a ""wtf just happened?"" look. no more sounds of hollering and rustling in the trees. either the lunatic gave up and let us run, or we lost him. to be safe, we got the fuck in the house and stayed there, in case he came driving through, looking for us.


beth and i still laugh about that story to this day. but that was the last time i ever threw a snowball at a car in mischief.


 

edit: it was endor moon - not dagobah - in which the speeder chase i referenced, had occurred. brain fart.","bombarded passing cars with snowballs and got chased through the woods by a lunatic, hellbent on revenge.","A teenager and their friend reenact childhood mischief by throwing snowballs at cars, only to hilariously provoke an irate driver who chases them through the woods. The situation turns chaotic when the pursuer closes in, leading to a comedic escape filled with trips, falls, and ewok references.","A teenager and their friend decide to throw snowballs at cars for fun, which leads to humor when an angry driver chases them through the woods. The situation becomes more comedic as the pursuer gets closer, causing the friends to flee with trips and falls, ultimately vowing never to throw snowballs at cars again.",yes,yes,Yes,Yes,No,
"In this task, you are given a Reddit post as a text. Your task is to generate a short summary for this text. The summary must include a situation which caused humor. The summary should be one or two sentences long.
Text: work for phone company, face to face.

background: customer came in asking why all of his data had gone from his device in ""one night"". i got the device and looked at the data usage (android) and noted that he'd used 6.5 gb in tethering. 

""sir what else do you connect to this device""
""just my wife's ipad""
""well that's where all your data's gone""
""she only goes on facebook?!""
""she must have gone on other things/downloaded apps/updated apps""
""no?!""

this went on for 20 minutes before i lost my rag and said 
""mate i don't know what else to tell you, your fucking wife has used up all your data.""

 

it's ok, only one more day","Text: work for phone company, face to face.

background: customer came in asking why all of his data had gone from his device in ""one night"". i got the device and looked at the data usage (android) and noted that he'd used 6.5 gb in tethering. 

""sir what else do you connect to this device""
""just my wife's ipad""
""well that's where all your data's gone""
""she only goes on facebook?!""
""she must have gone on other things/downloaded apps/updated apps""
""no?!""

this went on for 20 minutes before i lost my rag and said 
""mate i don't know what else to tell you, your fucking wife has used up all your data.""

 

it's ok, only one more day",guy teathered all his data to his wife and wouldn't accept that you can go through 6.5 gb of data in one night,"A customer complained that all his mobile data was used up in one night, unaware that his wife had been using it for her iPad. The humorous situation arose when the customer insisted his wife only used Facebook, leading to a 20-minute discussion before the employee bluntly confirmed it was indeed the wife's data usage.","A customer complained that all his mobile data was used up in one night, and the employee discovered it was due to the customer's wife using the device for her iPad. The humor arose when the customer insisted his wife only used Facebook, leading to a 20-minute discussion before the employee bluntly confirmed it was the wife's data usage.",yes,no,No,No,No,
"In this task, you are given a text of many news articles seperated by special token ""|||||"". Your task is to summarize them.
Bill Clinton responds angrily to a pair of hecklers - among the points of contention was his 1994 crime bill - during an appearance in support of his wife at the Dorothy Emanuel Recreation Center in East Mount Airy. 
  
 Bill Clinton went off his stump-speech script Thursday at a Philadelphia rally for his wife, engaging in an exchange with two protesters over his 1994 crime bill and Hillary Clinton's impact on the African American community. 
  
 The 42nd president even used the words that have become a battle cry - ""black lives matter"" - in describing his wife's efforts. 
  
 He called on 400 supporters inside Dorothy Emanuel Recreation Center's gym in East Mount Airy to be part of a ""big turnout"" in Pennsylvania's April 26 primary. He thanked Villanova University for helping him win his NCAA basketball brackets - and Philadelphia voters for consistently helping Clintons win the state. 
  
 Halfway through his address, Erica Mines of Hunting Park started yelling at Clinton over several issues, including the 1994 crime bill. Mines argued that the Clintons' record had been one of detriment to the black community. 
  
 She and a man held up alternating signs, one reading: ""Clinton crime bill destroyed our communities!"" The former commander-in-chief responded saying, ""Let's talk about that,"" as Mines continued yelling over his responses. 
  
 ""I like protesters, but the ones that won't let you answer are afraid of the truth,"" Clinton said, prompting loud cheers. He went on to say how he thinks the bill, and his wife, helped the black community. 
  
 ""Because of that bill we had a 25-year low in crime, a 30-year low in the murder rate, and because of that and the background-check law, a 46-year low in deaths of lives by gun violence and who do you think those lives were that mattered? Whose lives were saved that mattered?"" Clinton asked. 
  
 He noted Hillary Clinton, a former New York senator and former secretary of state, wasn't in the Senate when the bill passed. ""She was spending her time trying to get health care for poor kids. Who were they? And their lives matter,"" he said. 
  
 Things grew more tense as Clinton responded to a second sign, ""Black youth are not super predators"" - a reference to a Hillary Clinton comment in the 1990s. 
  
 ""I don't know how you would describe the gang leaders who got 13-year-olds hopped up on crack and sent them out in the streets to murder other African American children. Maybe you thought they were good citizens. She didn't,"" he said of his wife. ""You are defending the people who kill the lives you say matter. Tell the truth!"" 
  
 Clinton also pointed to Hillary Clinton's past work at the Children's Defense Fund desegregating Southern schools, and her efforts to fight AIDS in Africa. 
  
 ""I'll tell you another story about a place where black lives matter: Africa,"" Clinton said. 
  
 At one point, supporters roared ""H-R-C!"" to try to drown out the two protesters. 
  
 Mines, 38, a student at Community College of Philadelphia, said she's a registered independent, doesn't plan on voting in the primary, and wasn't representing any group. 
  
 ""I'm here because Hillary Clinton doesn't deserve the black vote,"" she told reporters after the rally, as Clinton shook hands and posed for photos nearby. ""She is married to Bill Clinton; their policies are the same."" 
  
 Some listeners shrugged off the protests. ""That's called a democracy,"" said former City Councilwoman Marian Tasco, who introduced Clinton. ""People come and they have their issues, but I think the president handled it very well. It was disruptive, but those things happen."" 
  
 Ty Jenkins, 53, said he thought blaming Hillary Clinton for high levels of incarceration was misplaced. ""I don't hold Hillary responsible for what happened to us any more than I hold any member of society,"" he said. 
  
 The exchange with the protesters was a lively moment for Bill Clinton, who had largely avoided public campaigning for his wife until the New Hampshire primary, and has mostly toned down his passionate ""Big Dog"" political persona. 
  
 Earlier Thursday, he was low-key and charming as he spoke on his wife's behalf to some 300 African Methodist Episcopal ministers and laypeople in Philadelphia. 
  
 ""I have worked hard for my candidate,"" Clinton slyly told an appreciative audience at the A.M.E. gathering. Members from 39 countries came for a meeting of the governing board of the church, founded in Philadelphia 200 years ago. 
  
 Avoiding direct criticism of Hillary Clinton's rival for the Democratic nomination, Vermont Sen. Bernie Sanders, Bill Clinton called his wife the ""best change-maker I've ever known."" 
  
 jterruso@phillynews.com 
  
 215-854-5506 @JuliaTerruso ||||| Bill Clinton spars angrily with protesters over crime, welfare bill legacies 
  
 During a campaign appearance for his wife on Thursday, a passionate Bill Clinton faced down protesters in Philadelphia as they chanted and held up signs taking issue with the legacy of crime and welfare legislation he oversaw during his time in the White House. 
  
 Recalling rampant crime when he took office and the efficacy of the 1994 Violent Crime Control and Prevention Act in lowering, the former president remarked of one protester, ""She doesn't want to hear any of that. You know what else she doesn't want to hear?"" 
  
 Clinton then ticked through the record-low murder rates and a 46-year-low in the deaths of people by gun violence during his tenure. 
  
 ""And who do you think whose lives those were that mattered? Whose lives were saved that mattered?"" Clinton said, remarking that his wife did not vote for that bill because she was trying to pass universal health care for children as first lady. 
  
 While noting that Bernie Sanders voted for it, Clinton remarked, ""I don't blame him either."" 
  
 A woman then shouted that Clinton should be charged for ""crimes against humanity."" At another point, a woman yelled, ""Hillary Clinton is a murderer."" 
  
 “See these other signs? This is what’s the matter,"" Clinton said, referring to people in attendance at a recreation center. ""I don’t know how you would characterize the gang leaders who got 13-year-old kids hopped up on crack and set ‘em out onto the street to murder other African-American children."" 
  
 ""Maybe you thought they were good citizens. She didn’t,"" he said, referring to his wife. ""She didn’t. You are defending the people who killed the lives you say matter. Tell the truth. You are defending the people who caused people to go out and take guns."" 
  
 Speaking to the NAACP convention in Philadelphia last July, the former president admitted that the law made the issue of mass incarceration worse. 
  
 ""I signed a bill that made the problem worse, and I want to admit it,"" he said of the legislation that included a three-strikes provision mandated life sentences for criminals convicted of a violent felony after two or more previous convictions, including drug crimes."" 
  
 Turning to the signs pertaining to the major welfare reform passed in 1996, Clinton disputed the notion that the bill increased poverty 
  
 ""Then why do we have the largest drop in African-American poverty in history when I was president? The largest in history,"" he said, blaming Republicans in state legislatures after he left the White House. “The Republicans took it away, and they’re blaming me. And apparently her, she she had nothing to do with it."" 
  
 The reason they know it's true, Clinton said, ""is because they won't hush."" 
  
 “When somebody wont hush and listen to you, that ain’t democracy. They’re afraid of the truth. Don’t you be afraid of the truth, don’t you be afraid of the truth,"" Clinton said, as the shouting continued. ""So, if you think it was bad in the 1990s, if you think record increases in income and record low unemployment, record decreases in poverty and record small businesses forming was bad, you ought to go with them. Otherwise, you better elect Hillary president so we can get this economy going again.” 
  
 ""I love protesters, except when they won't let you answer,"" Clinton remarked. ""It reminds me of when the Republicans tried to blame me for the financial meltdown."" ||||| Story highlights Black Lives Matter protesters interrupted Bill Clinton's speech in Philadelphia 
  
 The former president defended his wife against her past comments 
  
 (CNN) Bill Clinton traded verbal shots in a feisty 15-minute exchange with Black Lives Matter protesters in Philadelphia on Thursday, as he defended his wife's presidential bid. 
  
 The protesters shouted that ""black youth are not super predators,"" taking issue with a phrase then-first lady Hillary Clinton used in a 1996 speech about violent crime committed by young people. They heckled Bill Clinton for the 1994 crime bill he signed into law as president that cracked down on gangs but also put more non-violent offenders in prison for longer stays. 
  
 ""You are defending the people who killed the lives you say matter,"" the former president told protesters. 
  
 One protester's signs declared, in an apparent reference to the toppling of Muammar Gaddafi in Libya, that ""Hillary is a murderer."" The protesters repeatedly shouted over Clinton, ignoring his responses and invoking Clinton's ties to Wall Street, as well. 
  
 In the exchange, Clinton repeatedly said, ""I love protesters"" -- but complained that they wouldn't let him respond. ""Here's the thing. I like protesters, but the ones that won't let you answer are afraid of the truth. That's a simple rule,"" Clinton said. 
  
 Read More |||||","Bill Clinton responds angrily to a pair of hecklers - among the points of contention was his 1994 crime bill - during an appearance in support of his wife at the Dorothy Emanuel Recreation Center in East Mount Airy. 
  
 Bill Clinton went off his stump-speech script Thursday at a Philadelphia rally for his wife, engaging in an exchange with two protesters over his 1994 crime bill and Hillary Clinton's impact on the African American community. 
  
 The 42nd president even used the words that have become a battle cry - ""black lives matter"" - in describing his wife's efforts. 
  
 He called on 400 supporters inside Dorothy Emanuel Recreation Center's gym in East Mount Airy to be part of a ""big turnout"" in Pennsylvania's April 26 primary. He thanked Villanova University for helping him win his NCAA basketball brackets - and Philadelphia voters for consistently helping Clintons win the state. 
  
 Halfway through his address, Erica Mines of Hunting Park started yelling at Clinton over several issues, including the 1994 crime bill. Mines argued that the Clintons' record had been one of detriment to the black community. 
  
 She and a man held up alternating signs, one reading: ""Clinton crime bill destroyed our communities!"" The former commander-in-chief responded saying, ""Let's talk about that,"" as Mines continued yelling over his responses. 
  
 ""I like protesters, but the ones that won't let you answer are afraid of the truth,"" Clinton said, prompting loud cheers. He went on to say how he thinks the bill, and his wife, helped the black community. 
  
 ""Because of that bill we had a 25-year low in crime, a 30-year low in the murder rate, and because of that and the background-check law, a 46-year low in deaths of lives by gun violence and who do you think those lives were that mattered? Whose lives were saved that mattered?"" Clinton asked. 
  
 He noted Hillary Clinton, a former New York senator and former secretary of state, wasn't in the Senate when the bill passed. ""She was spending her time trying to get health care for poor kids. Who were they? And their lives matter,"" he said. 
  
 Things grew more tense as Clinton responded to a second sign, ""Black youth are not super predators"" - a reference to a Hillary Clinton comment in the 1990s. 
  
 ""I don't know how you would describe the gang leaders who got 13-year-olds hopped up on crack and sent them out in the streets to murder other African American children. Maybe you thought they were good citizens. She didn't,"" he said of his wife. ""You are defending the people who kill the lives you say matter. Tell the truth!"" 
  
 Clinton also pointed to Hillary Clinton's past work at the Children's Defense Fund desegregating Southern schools, and her efforts to fight AIDS in Africa. 
  
 ""I'll tell you another story about a place where black lives matter: Africa,"" Clinton said. 
  
 At one point, supporters roared ""H-R-C!"" to try to drown out the two protesters. 
  
 Mines, 38, a student at Community College of Philadelphia, said she's a registered independent, doesn't plan on voting in the primary, and wasn't representing any group. 
  
 ""I'm here because Hillary Clinton doesn't deserve the black vote,"" she told reporters after the rally, as Clinton shook hands and posed for photos nearby. ""She is married to Bill Clinton; their policies are the same."" 
  
 Some listeners shrugged off the protests. ""That's called a democracy,"" said former City Councilwoman Marian Tasco, who introduced Clinton. ""People come and they have their issues, but I think the president handled it very well. It was disruptive, but those things happen."" 
  
 Ty Jenkins, 53, said he thought blaming Hillary Clinton for high levels of incarceration was misplaced. ""I don't hold Hillary responsible for what happened to us any more than I hold any member of society,"" he said. 
  
 The exchange with the protesters was a lively moment for Bill Clinton, who had largely avoided public campaigning for his wife until the New Hampshire primary, and has mostly toned down his passionate ""Big Dog"" political persona. 
  
 Earlier Thursday, he was low-key and charming as he spoke on his wife's behalf to some 300 African Methodist Episcopal ministers and laypeople in Philadelphia. 
  
 ""I have worked hard for my candidate,"" Clinton slyly told an appreciative audience at the A.M.E. gathering. Members from 39 countries came for a meeting of the governing board of the church, founded in Philadelphia 200 years ago. 
  
 Avoiding direct criticism of Hillary Clinton's rival for the Democratic nomination, Vermont Sen. Bernie Sanders, Bill Clinton called his wife the ""best change-maker I've ever known."" 
  
 jterruso@phillynews.com 
  
 215-854-5506 @JuliaTerruso ||||| Bill Clinton spars angrily with protesters over crime, welfare bill legacies 
  
 During a campaign appearance for his wife on Thursday, a passionate Bill Clinton faced down protesters in Philadelphia as they chanted and held up signs taking issue with the legacy of crime and welfare legislation he oversaw during his time in the White House. 
  
 Recalling rampant crime when he took office and the efficacy of the 1994 Violent Crime Control and Prevention Act in lowering, the former president remarked of one protester, ""She doesn't want to hear any of that. You know what else she doesn't want to hear?"" 
  
 Clinton then ticked through the record-low murder rates and a 46-year-low in the deaths of people by gun violence during his tenure. 
  
 ""And who do you think whose lives those were that mattered? Whose lives were saved that mattered?"" Clinton said, remarking that his wife did not vote for that bill because she was trying to pass universal health care for children as first lady. 
  
 While noting that Bernie Sanders voted for it, Clinton remarked, ""I don't blame him either."" 
  
 A woman then shouted that Clinton should be charged for ""crimes against humanity."" At another point, a woman yelled, ""Hillary Clinton is a murderer."" 
  
 “See these other signs? This is what’s the matter,"" Clinton said, referring to people in attendance at a recreation center. ""I don’t know how you would characterize the gang leaders who got 13-year-old kids hopped up on crack and set ‘em out onto the street to murder other African-American children."" 
  
 ""Maybe you thought they were good citizens. She didn’t,"" he said, referring to his wife. ""She didn’t. You are defending the people who killed the lives you say matter. Tell the truth. You are defending the people who caused people to go out and take guns."" 
  
 Speaking to the NAACP convention in Philadelphia last July, the former president admitted that the law made the issue of mass incarceration worse. 
  
 ""I signed a bill that made the problem worse, and I want to admit it,"" he said of the legislation that included a three-strikes provision mandated life sentences for criminals convicted of a violent felony after two or more previous convictions, including drug crimes."" 
  
 Turning to the signs pertaining to the major welfare reform passed in 1996, Clinton disputed the notion that the bill increased poverty 
  
 ""Then why do we have the largest drop in African-American poverty in history when I was president? The largest in history,"" he said, blaming Republicans in state legislatures after he left the White House. “The Republicans took it away, and they’re blaming me. And apparently her, she she had nothing to do with it."" 
  
 The reason they know it's true, Clinton said, ""is because they won't hush."" 
  
 “When somebody wont hush and listen to you, that ain’t democracy. They’re afraid of the truth. Don’t you be afraid of the truth, don’t you be afraid of the truth,"" Clinton said, as the shouting continued. ""So, if you think it was bad in the 1990s, if you think record increases in income and record low unemployment, record decreases in poverty and record small businesses forming was bad, you ought to go with them. Otherwise, you better elect Hillary president so we can get this economy going again.” 
  
 ""I love protesters, except when they won't let you answer,"" Clinton remarked. ""It reminds me of when the Republicans tried to blame me for the financial meltdown."" ||||| Story highlights Black Lives Matter protesters interrupted Bill Clinton's speech in Philadelphia 
  
 The former president defended his wife against her past comments 
  
 (CNN) Bill Clinton traded verbal shots in a feisty 15-minute exchange with Black Lives Matter protesters in Philadelphia on Thursday, as he defended his wife's presidential bid. 
  
 The protesters shouted that ""black youth are not super predators,"" taking issue with a phrase then-first lady Hillary Clinton used in a 1996 speech about violent crime committed by young people. They heckled Bill Clinton for the 1994 crime bill he signed into law as president that cracked down on gangs but also put more non-violent offenders in prison for longer stays. 
  
 ""You are defending the people who killed the lives you say matter,"" the former president told protesters. 
  
 One protester's signs declared, in an apparent reference to the toppling of Muammar Gaddafi in Libya, that ""Hillary is a murderer."" The protesters repeatedly shouted over Clinton, ignoring his responses and invoking Clinton's ties to Wall Street, as well. 
  
 In the exchange, Clinton repeatedly said, ""I love protesters"" -- but complained that they wouldn't let him respond. ""Here's the thing. I like protesters, but the ones that won't let you answer are afraid of the truth. That's a simple rule,"" Clinton said. 
  
 Read More |||||","Bill Clinton ended up having to defend his own record as president while stumping for Hillary in Philadelphia on Thursday. CNN reports that during a 15-minute exchange with Black Lives Matter protesters, Clinton defended his 1994 crime bill, which led to longer sentences for nonviolent offenders. ""Because of that bill we had a 25-year low in crime, a 30-year low in the murder rate, and because of that and the background-check law, a 46-year low in deaths of lives by gun violence, and who do you think those lives were that mattered?"" Clinton said. ""Whose lives were saved that mattered?"" He also addressed his 1996 welfare reforms, saying the ""largest drop in African-American poverty in history"" happened during his presidency. Clinton also defended Hillary's 1994 use of the term ""super predator"" to describe young people in gangs. ""I don't know how you would characterize the gang leaders who got 13-year-old kids hopped up on crack and sent them out in the streets to murder other African-American children,"" he said, per Politico. ""Maybe you thought they were good citizens—she didn't."" The protesters who interrupted him carried signs with phrases including ""Clinton crime bill destroyed our communities."" ""I'm here because Hillary Clinton doesn't deserve the black vote,"" a protester told the Philadelphia Inquirer after the rally. ""She is married to Bill Clinton; their policies are the same.""","Bill Clinton engaged in a heated exchange with Black Lives Matter protesters during a rally in Philadelphia for his wife, Hillary Clinton. The protesters criticized Bill Clinton's 1994 crime bill and Hillary Clinton's past comments on African American youth, labeling them as ""super predators."" Clinton defended the crime bill, citing reduced crime rates and gun violence during his presidency. He argued that the bill saved lives, particularly within the African American community, and criticized the protesters for not allowing him to respond. Clinton also highlighted Hillary's efforts in healthcare and education for children. Despite the disruptions, Clinton expressed respect for protesters who allow dialogue, accusing these particular protesters of being ""afraid of the truth."" The incident showcased Clinton's passionate defense of his and his wife's policies amidst criticism from the Black Lives Matter movement.","Bill Clinton engaged in a heated exchange with protesters during a rally in Philadelphia for his wife, Hillary Clinton. The protesters criticized Bill Clinton's 1994 crime bill and referenced Hillary Clinton's past comments on African American youth, labeling them as ""super predators."" Clinton defended the crime bill, citing reduced crime rates and gun violence during his presidency. He argued that the bill saved lives, particularly within the African American community, and criticized the protesters for not allowing him to respond. Clinton also highlighted Hillary's efforts in healthcare and education for children. Despite the disruptions, Clinton expressed respect for protesters who allow dialogue, accusing these particular protesters of being ""afraid of the truth."" The incident showcased Clinton's passionate defense of his and his wife's policies amidst criticism.",yes,no,No,No,No,
"In this task, you are given a text of many news articles seperated by special token ""|||||"". Your task is to summarize them.
Image copyright Policia Nacional 
  
 Police in Spain who arrested a murder suspect may have been handed a large clue through one of his tattoos. 
  
 The unnamed man was sought by German police after the murder of his girlfriend in Bavaria. 
  
 Authorities did not know when she died, but one of the man's tattoos gives her name, Lisa, and date of death - 27 October 2016. 
  
 The man was held in Lloret de Mar, in Catalonia, with their 18-month-old son, who was in good health. 
  
 The woman's body was found by her mother last week. She was found in a block of flats in the town of Freyung, close to the Czech border. 
  
 An initial autopsy showed that the woman had died some three weeks before she was found. 
  
 Spain's national police said her mobile phone was taken by the killer with the intention of using her social media accounts, thus misleading investigators. 
  
 The man, named in Germany as Dominik R, was traced to Spain after he was found to have withdrawn money there. A European arrest warrant was then issued. Spanish police say they believe he was heading to north Africa. 
  
 A statement by Spanish police said the new tattoo ""may be interpreted as the date of death"". 
  
 The suspect is now awaiting extradition to Germany. ||||| Get daily updates directly to your inbox + Subscribe Thank you for subscribing! Could not subscribe, try again later Invalid Email 
  
 A fugitive has been arrested on suspicion of murdering his lover after apparently tattooing the date he allegedly killed her on his arm. 
  
 This incredible photograph has been released by investigators in Spain after they accused the man of writing the name of his ex-love Lisa on his arm along with her date of birth. 
  
 Police claim the tattoo also has a cross with her apparent date of death and the the words Gracias Por Todo - Spanish for ‘Thanks for Everything’. 
  
 The man was held in a hotel in the Costa Brava resort of Lloret de Mar after a Europe-wide manhunt was launched sparked by a selfie he posted on his alleged victim’s Facebook next to the Eiffel Tower after the violent crime. 
  
 Footage of the moment he was arrested in boxer shorts has also released by police. 
  
 (Photo: Solarpix) 
  
 The fugitive, who was not named by Spanish police but was identified by German press while he was on the run as Dominik Riedl, allegedly slit his girlfriend’s throat at the end of last month and left her body in rubbish bags at their home in the Bavarian town of Freyung. 
  
 Spanish officers said he then fled with the couple’s toddler child. 
  
 The youngster, a boy who has been named in Germany as Luca, was discovered safe and well during the arrest and has been taken into local authority care. 
  
 His 22-year-old dad will now go before a judge in Madrid for an extradition hearing. His 20-year-old partner has been named only as Lisa H. 
  
 Spanish National Police confirmed in a statement: “Spanish National Police have arrested a German fugitive suspected of slitting his girlfriend’s throat and fleeing to Spain with his 18-month-old son. 
  
 (Photo: Policia Nacional) 
  
 “The crime he was wanted for took place at the end of last month when German police found the body of the victim, a woman aged 20, in rubbish bags at the couple’s home.” 
  
 Revealing Spanish police were tipped off early on in the investigation that he could be in Spain, it added: “Throughout the investigation, the main police objective has been to find and safely rescue the young boy. 
  
 “When he was arrested the alleged killer was sporting several tattoos, including one with the name of his partner, her date of birth, a cross with the date of 27 October 2016 and the inscription ‘Gracias por todo’ in Spanish. 
  
 “This most recent and macabre one with the October 27th date on it can be interpreted as the date of her death.” 
  
 Special ops police who last year were used to rescue two kidnap victims as well as detaining a French fugitive in a shopping centre, carried out the arrest. 
  
 Spanish police say shaven-headed Riedl allegedly took his girlfriend’s phone so he could update her Facebook and other social media sites in a bid to throw officers off the scent. 
  
 (Photo: Solarpix) 
  
 After posting a picture of him and his son next to the Eiffel Tower in Paris on November 7 he is believed to have headed to Spain, passing through the northern city of Valladolid and spending a night at a hotel in Tarifa in the south of the country. 
  
 The Volkswagen Golf he used has been seized and will be examined for possible clues to Lisa’s killing by specialist forensic officers. 
  
 He is thought to be facing up to 15 years in jail if found guilty of her homicide. 
  
 German daily Bild posted a picture of Riedl with his son in his arms earlier this week and wrote: “Lisa’s alleged murderer is now being hunted across Europe. 
  
 “Police are using this photo to search for 22-year-old Dominik Riedl. According to BILD sources Riedl sent this shot to Lisa’s mum. 
  
 “Apparently the photo was taken in Paris and sent by SMS.” ||||| The incriminating tattoo. Photo: Policia National 
  
 Spanish police said on Sunday that they have arrested a German fugitive suspected of slitting his girlfriend's throat and have safely recovered the couple's 18-month-old toddler. 
  
 Officers arrested the man, identified only as Dominik R at a block of short-stay apartments in Lloret de Mar, a seaside resort roughly 70 kilometres (40 miles) northeast of Barcelona where he was hiding with the baby boy, police said in a statement. 
  
 He had been on the run since German police found the body of his 20-year-old girlfriend inside plastic garbage bags at the couple's apartment in the town of Freyung, southeastern Germany, at the end of October. 
  
 Police said the man recently got a ""macabre"" tattoo inked on his upper arm with the name of his deceased girlfriend, her birthday as well the suspected date of her murder - 27/10/2016 - beside a cross along with the words ""Thank you for everything"" in Spanish. 
  
 The National Police released a photograph of the suspect with the incriminating tattoo. 
  
 Spanish police said they began looking for the man after they were alerted by their German counterparts that he may have fled to Spain as he made his way to North Africa. 
  
 The man is suspected of having used his girlfriend's mobile phone after he killed her to update her Facebook and other social media profiles to try to throw off investigators. 
  
 Police took the toddler to a juvenile welfare home which will look after him until German social services staff arrive in Spain to pick him up. |||||","Image copyright Policia Nacional 
  
 Police in Spain who arrested a murder suspect may have been handed a large clue through one of his tattoos. 
  
 The unnamed man was sought by German police after the murder of his girlfriend in Bavaria. 
  
 Authorities did not know when she died, but one of the man's tattoos gives her name, Lisa, and date of death - 27 October 2016. 
  
 The man was held in Lloret de Mar, in Catalonia, with their 18-month-old son, who was in good health. 
  
 The woman's body was found by her mother last week. She was found in a block of flats in the town of Freyung, close to the Czech border. 
  
 An initial autopsy showed that the woman had died some three weeks before she was found. 
  
 Spain's national police said her mobile phone was taken by the killer with the intention of using her social media accounts, thus misleading investigators. 
  
 The man, named in Germany as Dominik R, was traced to Spain after he was found to have withdrawn money there. A European arrest warrant was then issued. Spanish police say they believe he was heading to north Africa. 
  
 A statement by Spanish police said the new tattoo ""may be interpreted as the date of death"". 
  
 The suspect is now awaiting extradition to Germany. ||||| Get daily updates directly to your inbox + Subscribe Thank you for subscribing! Could not subscribe, try again later Invalid Email 
  
 A fugitive has been arrested on suspicion of murdering his lover after apparently tattooing the date he allegedly killed her on his arm. 
  
 This incredible photograph has been released by investigators in Spain after they accused the man of writing the name of his ex-love Lisa on his arm along with her date of birth. 
  
 Police claim the tattoo also has a cross with her apparent date of death and the the words Gracias Por Todo - Spanish for ‘Thanks for Everything’. 
  
 The man was held in a hotel in the Costa Brava resort of Lloret de Mar after a Europe-wide manhunt was launched sparked by a selfie he posted on his alleged victim’s Facebook next to the Eiffel Tower after the violent crime. 
  
 Footage of the moment he was arrested in boxer shorts has also released by police. 
  
 (Photo: Solarpix) 
  
 The fugitive, who was not named by Spanish police but was identified by German press while he was on the run as Dominik Riedl, allegedly slit his girlfriend’s throat at the end of last month and left her body in rubbish bags at their home in the Bavarian town of Freyung. 
  
 Spanish officers said he then fled with the couple’s toddler child. 
  
 The youngster, a boy who has been named in Germany as Luca, was discovered safe and well during the arrest and has been taken into local authority care. 
  
 His 22-year-old dad will now go before a judge in Madrid for an extradition hearing. His 20-year-old partner has been named only as Lisa H. 
  
 Spanish National Police confirmed in a statement: “Spanish National Police have arrested a German fugitive suspected of slitting his girlfriend’s throat and fleeing to Spain with his 18-month-old son. 
  
 (Photo: Policia Nacional) 
  
 “The crime he was wanted for took place at the end of last month when German police found the body of the victim, a woman aged 20, in rubbish bags at the couple’s home.” 
  
 Revealing Spanish police were tipped off early on in the investigation that he could be in Spain, it added: “Throughout the investigation, the main police objective has been to find and safely rescue the young boy. 
  
 “When he was arrested the alleged killer was sporting several tattoos, including one with the name of his partner, her date of birth, a cross with the date of 27 October 2016 and the inscription ‘Gracias por todo’ in Spanish. 
  
 “This most recent and macabre one with the October 27th date on it can be interpreted as the date of her death.” 
  
 Special ops police who last year were used to rescue two kidnap victims as well as detaining a French fugitive in a shopping centre, carried out the arrest. 
  
 Spanish police say shaven-headed Riedl allegedly took his girlfriend’s phone so he could update her Facebook and other social media sites in a bid to throw officers off the scent. 
  
 (Photo: Solarpix) 
  
 After posting a picture of him and his son next to the Eiffel Tower in Paris on November 7 he is believed to have headed to Spain, passing through the northern city of Valladolid and spending a night at a hotel in Tarifa in the south of the country. 
  
 The Volkswagen Golf he used has been seized and will be examined for possible clues to Lisa’s killing by specialist forensic officers. 
  
 He is thought to be facing up to 15 years in jail if found guilty of her homicide. 
  
 German daily Bild posted a picture of Riedl with his son in his arms earlier this week and wrote: “Lisa’s alleged murderer is now being hunted across Europe. 
  
 “Police are using this photo to search for 22-year-old Dominik Riedl. According to BILD sources Riedl sent this shot to Lisa’s mum. 
  
 “Apparently the photo was taken in Paris and sent by SMS.” ||||| The incriminating tattoo. Photo: Policia National 
  
 Spanish police said on Sunday that they have arrested a German fugitive suspected of slitting his girlfriend's throat and have safely recovered the couple's 18-month-old toddler. 
  
 Officers arrested the man, identified only as Dominik R at a block of short-stay apartments in Lloret de Mar, a seaside resort roughly 70 kilometres (40 miles) northeast of Barcelona where he was hiding with the baby boy, police said in a statement. 
  
 He had been on the run since German police found the body of his 20-year-old girlfriend inside plastic garbage bags at the couple's apartment in the town of Freyung, southeastern Germany, at the end of October. 
  
 Police said the man recently got a ""macabre"" tattoo inked on his upper arm with the name of his deceased girlfriend, her birthday as well the suspected date of her murder - 27/10/2016 - beside a cross along with the words ""Thank you for everything"" in Spanish. 
  
 The National Police released a photograph of the suspect with the incriminating tattoo. 
  
 Spanish police said they began looking for the man after they were alerted by their German counterparts that he may have fled to Spain as he made his way to North Africa. 
  
 The man is suspected of having used his girlfriend's mobile phone after he killed her to update her Facebook and other social media profiles to try to throw off investigators. 
  
 Police took the toddler to a juvenile welfare home which will look after him until German social services staff arrive in Spain to pick him up. |||||","Spanish police had not yet identified the date a 20-year-old woman had been murdered in her apartment in Freyung, Germany—until they noticed her boyfriend had tattooed a date of death on his arm, along with the woman's name, reports the BBC. Thanks to that apparent clue, authorities now say Dominik Riedl slit his girlfriend's throat on Oct. 27 and stuffed her body in trash bags before fleeing with their 18-month-old son and the woman's cellphone, which he used to update her social media accounts, reports AFP. The woman's mother found her daughter's dead body about three weeks later. By that time, Riedl had fled the country, according to police, which sparked a Europe-wide manhunt after a selfie of Riedl at the Eiffel Tower appeared on his girlfriend's Facebook page, reports the Mirror. Police eventually tracked Riedl to a hotel in Lloret de Mar, Spain, which police say was a pit stop, as Riedl had planned to reach North Africa. On his arm, authorities found a ""macabre"" tattoo of his girlfriend's birth and death dates, along with the Spanish phrase ""Gracias por todo,"" which translates to ""Thanks for everything."" Riedl is awaiting extradition to Germany, while his son will be placed with social services. (This man also had a tattoo of his alleged murder victim's name.)","Dominik Riedl, a 22-year-old German man, was arrested in Spain after being accused of murdering his 20-year-old girlfriend, Lisa, by slitting her throat. He fled to Spain with their 18-month-old son and attempted to evade capture by using Lisa's phone to update her social media accounts. A key clue in the investigation was a tattoo on Riedl's arm that included Lisa's name, her date of birth, the suspected date of her death (October 27, 2016), and a farewell message. Lisa's body was found in garbage bags at their home in Bavaria, and an autopsy confirmed she had been dead for several weeks. The suspect was captured in Lloret de Mar, Catalonia, and is now awaiting extradition to Germany, where he could face up to 15 years in prison if convicted. Their son was found safe and is currently in the care of local authorities.","Spanish police arrested a German man suspected of murdering his 20-year-old girlfriend, Lisa, by slitting her throat. He was apprehended in Lloret de Mar, Catalonia, where he was hiding with their 18-month-old son. The suspect, identified as Dominik R, fled Germany after the discovery of Lisa's body in garbage bags at their home in Freyung, Bavaria. A tattoo on his arm provided a significant clue, featuring Lisa's name, her birth date, the suspected date of her death (October 27, 2016), and the phrase ""Gracias por todo"" (Thanks for everything). Spanish authorities were alerted by German police that the suspect might have fled to Spain en route to North Africa. The man is believed to have used Lisa's phone to update her social media accounts to mislead investigators. Following his arrest, the toddler was placed in local care, pending transfer to German social services. Dominik R is now awaiting extradition to Germany.",yes,no,No,No,No,
"In this task, you are given a text of many news articles seperated by special token ""|||||"". Your task is to summarize them.
Sony Pictures Television 
  
 “Seinfeld” is about to become master of a whole new domain: the Internet. 
  
 Sony Pictures Television, a unit of Sony Corp., is in advanced talks to sell reruns of the hit 1990s NBC sitcom to an online video service, and expects to have a deal wrapped up in the next few weeks, people familiar with the situation said. 
  
 Among the bidders chasing the rights to the “show about nothing” are Hulu, Amazon and Yahoo. The deal could fetch a price well north of half a million dollars per episode, the people said. There are 180 Seinfeld episodes. 
  
 Netflix, which last year took a hard look at “Seinfeld,” is taking a pass on the show, a person familiar with the matter said. 
  
 Reruns of “Seinfeld have been on local TV stations and the cable channel TBS for years, but the buyers believe it has potential to continue that run for another several years on the Web. There, it could hold appeal for a generation of cord-cutters who can’t catch Seinfeld episodes on cable, and will allow users to search for their favorite episodes on-demand. 
  
 Landing the online video rights could elevate the stature of Hulu, Amazon and Yahoo, all of whom are in the large shadow of Netflix. 
  
 When Netflix acquired “Friends” last year from Warner Bros., it paid more than $500,000 per-episode, a person with knowledge of the deal said. Sony is seeking a higher price than what Warner Bros. received for “Friends.” 
  
 The price will depend, in part, on the length of the deal. The “Friends” agreement with Netflix runs for four years, which may be too short for some of the “Seinfeld” bidders. One suitor said a price tag higher than “Friends” doesn’t make sense if the contract is for less than ten years. 
  
 An agreement with an online video service would not mean the end of “Seinfeld” repeats on other outlets. “Friends” remains in heavy rotation on TBS even though Netflix has the rights and does not have commercials. Despite the addition of “Friends” to Netflix, ratings for the reruns on TBS have held steady. 
  
 Both Hulu and Amazon have been aggressive in acquiring content as they compete against Netflix. Hulu, which is owned by Walt Disney Co., Comcast Corp. and 21st Century Fox, recently bought reruns of the long-running CBS hit “CSI: Crime Scene Investigation.” Amazon struck a deal with HBO last year for rights to many of its shows including “The Sopranos” and “Girls.” 
  
 Yahoo has been less active on the acquisition front, but has recently been making deals in an effort to make a splash. Besides an agreement with TV news personality Katie Couric, it also is buying new episodes of the cult hit “Community” that is produced by Sony and used to air on NBC. 
  
 Sony has long held distribution rights for “Seinfeld,” but the majority of the revenue from a sale will go to Time Warner Inc.’s Warner Bros., which acquired “Seinfeld” producer Castle Rock Entertainment as part of its 1996 purchase of Turner Broadcasting System. 
  
 “Seinfeld” creators Jerry Seinfeld and Larry David are also profit participants in the show, which Warner Bros. said in 2010 had generated $2.7 billion in syndication revenue. 
  
 ______________________________________________________ 
  
 For the latest media, marketing and advertising news, follow us on Twitter: follow @wsjCMO 
  
 Subscribe to our morning newsletter, delivered straight to your inbox. 
  
  
  
  ||||| “Seinfeld” is the latest vintage TV series poised to generate renewed syndication profits through an SVOD sale. 
  
 Sony Pictures TV, which handles distribution of the Castle Rock TV-produced sitcom, is in the process of shopping the rights to digital buyers, with Hulu and Amazon said to be among the suitors. The NBC hit has had limited exposure online through airings on Sony’s Crackle, which is ad supported and only has a handful of episodes available at any given time. 
  
 The Wall Street Journal noted Friday that Sony is aiming for the “Seinfeld” sale price to top the estimated $500,000 per episode that Netflix paid last year for rights to another NBC comedy classic, “Friends.” Details on the sale are still sketchy but it is expected to be the entire library of 172 episodes, which ran on NBC from 1989 through 1998. 
  
 “Seinfeld” hit the SVOD auction block just after CBS concluded a surprisingly rich deal with Hulu for the rights to past and future seasons of “CSI.” That deal coupled with Netflix’s purchase of “Friends” has spurred Hollywood’s majors to more aggressively shop shows that are outside the serialized drama milieu that has driven the growth of Netflix and other SVOD players. 
  
 “Seinfeld” was a major hit for local TV stations in the late 1990s after the show bowed in traditional Monday-Friday syndication. The show was so successful that a few years later, TV stations wound up paying more to renew the rerun rights than they did in the first round of dealmaking. 
  
 The show also set a then-record for an off-network comedy sale to cable in a $1 million per episode deal with TBS, where “Seinfeld” reruns have been a mainstay since 2002. 
  
 By some estimates, “Seinfeld” has generated as much as $3 billion in syndication revenue since 1995. Warner Bros., which acquired Castle Rock as part of its 1996 Turner Broadcasting System acquisition, reaps most of the rewards, but Sony Pictures TV has claimed a good chunk of the “Seinfeld” windfall through a distribution deal that the studio cut with Castle Rock prior to Time Warner-TBS merger. |||||","Sony Pictures Television 
  
 “Seinfeld” is about to become master of a whole new domain: the Internet. 
  
 Sony Pictures Television, a unit of Sony Corp., is in advanced talks to sell reruns of the hit 1990s NBC sitcom to an online video service, and expects to have a deal wrapped up in the next few weeks, people familiar with the situation said. 
  
 Among the bidders chasing the rights to the “show about nothing” are Hulu, Amazon and Yahoo. The deal could fetch a price well north of half a million dollars per episode, the people said. There are 180 Seinfeld episodes. 
  
 Netflix, which last year took a hard look at “Seinfeld,” is taking a pass on the show, a person familiar with the matter said. 
  
 Reruns of “Seinfeld have been on local TV stations and the cable channel TBS for years, but the buyers believe it has potential to continue that run for another several years on the Web. There, it could hold appeal for a generation of cord-cutters who can’t catch Seinfeld episodes on cable, and will allow users to search for their favorite episodes on-demand. 
  
 Landing the online video rights could elevate the stature of Hulu, Amazon and Yahoo, all of whom are in the large shadow of Netflix. 
  
 When Netflix acquired “Friends” last year from Warner Bros., it paid more than $500,000 per-episode, a person with knowledge of the deal said. Sony is seeking a higher price than what Warner Bros. received for “Friends.” 
  
 The price will depend, in part, on the length of the deal. The “Friends” agreement with Netflix runs for four years, which may be too short for some of the “Seinfeld” bidders. One suitor said a price tag higher than “Friends” doesn’t make sense if the contract is for less than ten years. 
  
 An agreement with an online video service would not mean the end of “Seinfeld” repeats on other outlets. “Friends” remains in heavy rotation on TBS even though Netflix has the rights and does not have commercials. Despite the addition of “Friends” to Netflix, ratings for the reruns on TBS have held steady. 
  
 Both Hulu and Amazon have been aggressive in acquiring content as they compete against Netflix. Hulu, which is owned by Walt Disney Co., Comcast Corp. and 21st Century Fox, recently bought reruns of the long-running CBS hit “CSI: Crime Scene Investigation.” Amazon struck a deal with HBO last year for rights to many of its shows including “The Sopranos” and “Girls.” 
  
 Yahoo has been less active on the acquisition front, but has recently been making deals in an effort to make a splash. Besides an agreement with TV news personality Katie Couric, it also is buying new episodes of the cult hit “Community” that is produced by Sony and used to air on NBC. 
  
 Sony has long held distribution rights for “Seinfeld,” but the majority of the revenue from a sale will go to Time Warner Inc.’s Warner Bros., which acquired “Seinfeld” producer Castle Rock Entertainment as part of its 1996 purchase of Turner Broadcasting System. 
  
 “Seinfeld” creators Jerry Seinfeld and Larry David are also profit participants in the show, which Warner Bros. said in 2010 had generated $2.7 billion in syndication revenue. 
  
 ______________________________________________________ 
  
 For the latest media, marketing and advertising news, follow us on Twitter: follow @wsjCMO 
  
 Subscribe to our morning newsletter, delivered straight to your inbox. 
  
  
  
  ||||| “Seinfeld” is the latest vintage TV series poised to generate renewed syndication profits through an SVOD sale. 
  
 Sony Pictures TV, which handles distribution of the Castle Rock TV-produced sitcom, is in the process of shopping the rights to digital buyers, with Hulu and Amazon said to be among the suitors. The NBC hit has had limited exposure online through airings on Sony’s Crackle, which is ad supported and only has a handful of episodes available at any given time. 
  
 The Wall Street Journal noted Friday that Sony is aiming for the “Seinfeld” sale price to top the estimated $500,000 per episode that Netflix paid last year for rights to another NBC comedy classic, “Friends.” Details on the sale are still sketchy but it is expected to be the entire library of 172 episodes, which ran on NBC from 1989 through 1998. 
  
 “Seinfeld” hit the SVOD auction block just after CBS concluded a surprisingly rich deal with Hulu for the rights to past and future seasons of “CSI.” That deal coupled with Netflix’s purchase of “Friends” has spurred Hollywood’s majors to more aggressively shop shows that are outside the serialized drama milieu that has driven the growth of Netflix and other SVOD players. 
  
 “Seinfeld” was a major hit for local TV stations in the late 1990s after the show bowed in traditional Monday-Friday syndication. The show was so successful that a few years later, TV stations wound up paying more to renew the rerun rights than they did in the first round of dealmaking. 
  
 The show also set a then-record for an off-network comedy sale to cable in a $1 million per episode deal with TBS, where “Seinfeld” reruns have been a mainstay since 2002. 
  
 By some estimates, “Seinfeld” has generated as much as $3 billion in syndication revenue since 1995. Warner Bros., which acquired Castle Rock as part of its 1996 Turner Broadcasting System acquisition, reaps most of the rewards, but Sony Pictures TV has claimed a good chunk of the “Seinfeld” windfall through a distribution deal that the studio cut with Castle Rock prior to Time Warner-TBS merger. |||||","Seinfeld is about to strike it rich again. The Wall Street Journal reports that suitors are lining up to acquire the streaming rights in a deal that could exceed $100 million. Netflix has dropped out of the running, reports the Journal, which says that Amazon, Hulu, and Yahoo are the leaders to wrap up a deal in the next few weeks. Friends recently got $500,000 an episode from Netflix, and Seinfeld will likely go higher. The deal is expected to encompass all 180 episodes. Variety notes that this an ideal time for Seinfeld to be on the market, given the Friends deal and another lucrative one in which Hulu scooped up CSI.","Sony Pictures Television is in advanced talks to sell the reruns of the popular 1990s sitcom ""Seinfeld"" to an online video service. The potential buyers include Hulu, Amazon, and Yahoo, with the deal expected to exceed half a million dollars per episode. Netflix, which previously considered acquiring the show, has decided not to participate in the bidding. 

The sale would allow a new generation of viewers, including cord-cutters, to access the show on-demand. Despite being available on local TV stations and TBS for years, ""Seinfeld"" continues to have significant appeal. An agreement with an online platform could enhance the status of Hulu, Amazon, or Yahoo, as they compete with Netflix.

Sony Pictures Television holds the distribution rights for ""Seinfeld,"" but the majority of the revenue will go to Warner Bros., which acquired Castle Rock Entertainment, the producer of ""Seinfeld."" The creators, Jerry Seinfeld and Larry David, also share in the profits. Since 1995, ""Seinfeld"" has reportedly generated over $3 billion in syndication revenue.

This deal follows recent trends where classic shows like ""Friends"" and ""CSI"" have been successfully sold to streaming platforms, generating substantial profits. The entire library of 172 ""Seinfeld"" episodes is expected to be included in the sale. Sony aims for a price higher than the $500,000 per episode that Netflix paid for ""Friends,"" with the contract length significantly impacting the final price.","Sony Pictures Television is in advanced talks to sell the reruns of the popular 1990s sitcom ""Seinfeld"" to an online video service. Potential buyers include Hulu and Amazon, with the deal potentially exceeding $500,000 per episode. Netflix, which previously considered acquiring the show, has decided not to participate in the bidding. The sale would allow a new generation of viewers, including cord-cutters, to access the show on-demand. Despite being available on local TV stations and TBS for years, ""Seinfeld"" continues to have significant appeal. An agreement with an online platform could enhance the status of Hulu or Amazon as they compete with Netflix.

Sony Pictures Television holds the distribution rights for ""Seinfeld,"" but the majority of the revenue will go to Warner Bros., which acquired Castle Rock Entertainment, the producer of ""Seinfeld."" The creators, Jerry Seinfeld and Larry David, also share in the profits. Since 1995, ""Seinfeld"" has reportedly generated over $3 billion in syndication revenue. This deal follows recent trends where classic shows like ""Friends"" and ""CSI"" have been successfully sold to streaming platforms, generating substantial profits. The entire library of 172 ""Seinfeld"" episodes is expected to be included in the sale. Sony aims for a price higher than the $500,000 per episode that Netflix paid for ""Friends,"" with the contract length significantly impacting the final price.",yes,yes,Yes,Yes,No,1
"In this task, you are given a text of many news articles seperated by special token ""|||||"". Your task is to summarize them.
The Standard & Poor's Ratings Services has downgraded Tunisia's government credit rating due to the persistent political instability in the country. 
  
 The move Tuesday is the latest blow to the country's economy, which has been suffering since Tunisians overthrew their dictator in January 2011, as well as due to Europe's financial crisis. 
  
 S&P lowered Tunisia's rating to BB- from BB with a negative outlook. It is the third such downgrade since the uprising. 
  
 In justifying its move, the agency cited the ongoing political crisis in the country following the assassination of leftist politician Chokri Belaid on Feb. 6. 
  
 Tunisia's political parties are in negotiations to form a new government after a proposal by Prime Minister Hamadi Jebali to form a technocratic cabinet was rejected Monday. ||||| TUNIS, Tunisia: Tunisia's prime minister announced his resignation Tuesday following a failed effort to form a technocratic government to see the country out of its political crisis. 
  
 The resignation is expected to further deepen the country's political instability, which earlier Tuesday prompted an international ratings agency to downgrade the government's credit rating. 
  
 Tunisians overthrew a dictator in January 2011, sparking the Arab Spring revolutions. A moderate Islamist party, Ennahda, won subsequent elections in the country of 10 million, and it has since struggled to govern in a coalition alongside two secular parties. 
  
 After the assassination of a leftist opposition politician on Feb. 6 set off riots across the country, Prime Minister Hamadi Jebali offered to dissolve the fractious governing coalition and put together a new government of technocrats - a move welcomed by the opposition. 
  
 But his own party, Ennahda, rejected his initiative, insisting that the country still needed a government of politicians. The rejection indicated that there not only divisions among the various parties in Tunisia but also within Ennahda. 
  
 Jebali announced he'd quit after a meeting with President Moncef Marzouki, describing the move as what's best for the country. 
  
 ""I promised if my initiative did not succeed I would resign as head of the government, and this is what I am doing following my meeting with the president,"" he said at the presidential palace. ""Today there is a great disappointment among the people and we must regain their trust and this resignation is a first step."" 
  
 The resignation came the same day that international ratings agency Standard & Poor's downgraded the Tunisian government's credit rating over political instability, a blow to the North African nation's already struggling economy. 
  
 Ennahda's leader, Rachid Ghannouchi had put forward his own proposal Monday for a mixed government of politicians and technocrats and had said there was a consensus among political parties for Jebali to remain prime minister. 
  
 Jebali did not rule out accepting if he was charged by the president once more to form a new government, but he said that any new cabinet he would lead must be free from partisan haggling, inclusive of all political forces and charged primarily with holding new elections. 
  
 Tunisia's economy, which relies heavily on exports to Europe as well as tourism, has been battered by the violence in the country and financial crises facing many of its European trading partners. 
  
 Unemployment is around 18 percent and the people have been stung by a 10 percent inflation rate that has sent prices skyrocketing. 
  
 Tunisia's economy contracted 1.8 percent in 2011 and saw a sluggish 2.4 percent growth in 2012. S&P said the current instability suggests growth will not recover in 2013 either. 
  
 ""We expect lower tourism receipts, combined with a widening trade deficit, to result in current account deficits that will remain in excess of 5 percent of GDP through 2016,"" the ratings agency's statement said. ""We anticipate that Tunisia's economic recovery will be slow, particularly given the weak economic conditions in the EU."" 
  
 The agency, which downgraded Tunisia's rating from BB to BB-, said recovery and investor confidence had been damaged by the pervasive instability as political parties have haggled over the shape of the government. 
  
 The move, the third such downgrade since the revolution, makes it harder for Tunisia to borrow on international markets and decreases foreign confidence in Tunisia's economy. |||||","The Standard & Poor's Ratings Services has downgraded Tunisia's government credit rating due to the persistent political instability in the country. 
  
 The move Tuesday is the latest blow to the country's economy, which has been suffering since Tunisians overthrew their dictator in January 2011, as well as due to Europe's financial crisis. 
  
 S&P lowered Tunisia's rating to BB- from BB with a negative outlook. It is the third such downgrade since the uprising. 
  
 In justifying its move, the agency cited the ongoing political crisis in the country following the assassination of leftist politician Chokri Belaid on Feb. 6. 
  
 Tunisia's political parties are in negotiations to form a new government after a proposal by Prime Minister Hamadi Jebali to form a technocratic cabinet was rejected Monday. ||||| TUNIS, Tunisia: Tunisia's prime minister announced his resignation Tuesday following a failed effort to form a technocratic government to see the country out of its political crisis. 
  
 The resignation is expected to further deepen the country's political instability, which earlier Tuesday prompted an international ratings agency to downgrade the government's credit rating. 
  
 Tunisians overthrew a dictator in January 2011, sparking the Arab Spring revolutions. A moderate Islamist party, Ennahda, won subsequent elections in the country of 10 million, and it has since struggled to govern in a coalition alongside two secular parties. 
  
 After the assassination of a leftist opposition politician on Feb. 6 set off riots across the country, Prime Minister Hamadi Jebali offered to dissolve the fractious governing coalition and put together a new government of technocrats - a move welcomed by the opposition. 
  
 But his own party, Ennahda, rejected his initiative, insisting that the country still needed a government of politicians. The rejection indicated that there not only divisions among the various parties in Tunisia but also within Ennahda. 
  
 Jebali announced he'd quit after a meeting with President Moncef Marzouki, describing the move as what's best for the country. 
  
 ""I promised if my initiative did not succeed I would resign as head of the government, and this is what I am doing following my meeting with the president,"" he said at the presidential palace. ""Today there is a great disappointment among the people and we must regain their trust and this resignation is a first step."" 
  
 The resignation came the same day that international ratings agency Standard & Poor's downgraded the Tunisian government's credit rating over political instability, a blow to the North African nation's already struggling economy. 
  
 Ennahda's leader, Rachid Ghannouchi had put forward his own proposal Monday for a mixed government of politicians and technocrats and had said there was a consensus among political parties for Jebali to remain prime minister. 
  
 Jebali did not rule out accepting if he was charged by the president once more to form a new government, but he said that any new cabinet he would lead must be free from partisan haggling, inclusive of all political forces and charged primarily with holding new elections. 
  
 Tunisia's economy, which relies heavily on exports to Europe as well as tourism, has been battered by the violence in the country and financial crises facing many of its European trading partners. 
  
 Unemployment is around 18 percent and the people have been stung by a 10 percent inflation rate that has sent prices skyrocketing. 
  
 Tunisia's economy contracted 1.8 percent in 2011 and saw a sluggish 2.4 percent growth in 2012. S&P said the current instability suggests growth will not recover in 2013 either. 
  
 ""We expect lower tourism receipts, combined with a widening trade deficit, to result in current account deficits that will remain in excess of 5 percent of GDP through 2016,"" the ratings agency's statement said. ""We anticipate that Tunisia's economic recovery will be slow, particularly given the weak economic conditions in the EU."" 
  
 The agency, which downgraded Tunisia's rating from BB to BB-, said recovery and investor confidence had been damaged by the pervasive instability as political parties have haggled over the shape of the government. 
  
 The move, the third such downgrade since the revolution, makes it harder for Tunisia to borrow on international markets and decreases foreign confidence in Tunisia's economy. |||||","Tunisian Prime Minister Hamadi Jebali announced his resignation today, making good on his promise to step down if he failed to resolve the country's political crisis. ""I promised and assured that, in the event that my initiative failed, I would resign as head of the government, and that is what I have done,"" Jebali said on state-run TV today after meeting with President Moncef Marzouki, the Daily Star reports. The move follows Standard & Poor's announcement that it would downgrade the country's credit rating because of constant instability, the AP reports. The country, which kicked off the Arab Spring, has been in turmoil ever since the assassination two weeks ago of opposition leader Chokri Belaid. Jebali had been trying to form a new, non-partisan coalition of technocrats, but those efforts collapsed last night, when his Islamist Ennahda party failed to sign on, the BBC explains. But Jebali insisted that the failure ""does not mean the failure of Tunisia or the failure of the revolution.""","### Summary of News Articles:

**Article 1:**
- **Event:** Standard & Poor's Ratings Services downgraded Tunisia's government credit rating to BB- from BB with a negative outlook.
- **Reasons:** Persistent political instability following the assassination of leftist politician Chokri Belaid and ongoing negotiations to form a new government after Prime Minister Hamadi Jebali's proposal for a technocratic cabinet was rejected.
- **Impact:** This is the third downgrade since the uprising in 2011, further straining Tunisia's already struggling economy due to domestic instability and Europe's financial crisis.

**Article 2:**
- **Event:** Tunisian Prime Minister Hamadi Jebali announced his resignation after failing to form a technocratic government.
- **Context:** The assassination of opposition politician Chokri Belaid triggered riots and highlighted deep divisions within the ruling Ennahda party and other political forces.
- **Consequences:** Jebali's resignation deepens political instability, which led Standard & Poor's to downgrade Tunisia's credit rating on the same day.
- **Economic Impact:** Tunisia's economy, heavily reliant on exports to Europe and tourism, has been battered by violence and European financial crises. Unemployment stands at 18%, inflation at 10%, and economic growth remains sluggish (2.4% in 2012). S&P predicts slow recovery due to continued instability and weak EU conditions.
- **Future Outlook:** Jebali did not rule out returning as prime minister if tasked again by the president but insisted on forming an inclusive, non-partisan government focused on holding new elections.

Both articles highlight the interplay between political instability and economic challenges in post-revolution Tunisia, emphasizing the difficulties faced by the country in achieving stability and growth.","### Summary of News Articles:

**Article 1:**  
- Standard & Poor's Ratings Services downgraded Tunisia's credit rating to BB- from BB with a negative outlook due to persistent political instability.  
- The downgrade is the third since the 2011 uprising and comes amid ongoing political turmoil following the assassination of leftist politician Chokri Belaid.  
- Prime Minister Hamadi Jebali's proposal for a technocratic government was rejected, leading to further negotiations among political parties.  

**Article 2:**  
- Tunisian Prime Minister Hamadi Jebali resigned after failing to form a technocratic government, deepening political instability in the country.  
- The assassination of opposition leader Chokri Belaid exposed divisions within Ennahda and other political forces.  
- Jebali's resignation coincided with Standard & Poor's downgrade of Tunisia's credit rating, reflecting concerns over political instability and its impact on the economy.  
- Tunisia's economy, reliant on exports to Europe and tourism, faces challenges such as 18% unemployment, 10% inflation, and sluggish growth (2.4% in 2012). S&P anticipates slow economic recovery due to continued instability and weak EU conditions.  
- Jebali expressed willingness to return as prime minister if tasked by the president, provided the new government is inclusive and focused on holding elections.",yes,no,No,Yes,No,
"In this task, you are given a text of many news articles seperated by special token ""|||||"". Your task is to summarize them.
The Vietnamese military is investigating the discovery of three large metal spheres that mysteriously fell from the sky in the north of the country. 
  
 The strange orbs vary in size, with the largest weighing close to 100lb, and were found at three separate locations in Vietnam’s Yen Bai and Tuyen Quang provinces last weekend. 
  
 An initial investigation by the country’s Ministry of Defence suggests the objects are metal, non-radioactive, possibly Russian in origin, and probably fell from space, Thanh Nien reported. 
  
 Local residents reported hearing what sounded like thunder several minutes before the objects crashed to earth. One sphere was found in a stream while another had its fall broken by the roof of a house before falling to the floor. 
  
 The discovery has sparked numerous bizarre theories as to what the balls could be, although experts think they are almost certainly space objects – either from a rocket or satellite that would normally have burnt up when they re-entered the atmosphere, or otherwise from a failed satellite launch. 
  
 It is not known what has led the Vietnamese to believe the objects are of Russian-origin, but the BBC said it is possible the objects – which appear largely undamaged other than a light charring - were sold to a third nation before being launched into space. 
  
 Vietnam’s Deputy Chief of Staff Lieutenant General Vo Van Tuan said he would now contact all nations with space research programs and warn them to be more careful in destroying used devices “in order to maintain security of civil aviation as well as the safety of residential areas”, according to Vietnam Net. ||||| Three mysterious metal spheres that fell from the sky and landed in northern Vietnam on Saturday have been seized by the Vietnamese military and are being investigated, Vietnamese media report. 
  
 Witnesses reported hearing thunder-like noises in the sky and seeing the objects flying up there early Saturday morning before they crash-landed, Thanh Nien News reported. 
  
 Two of the metal balls, one 250 grams and one six kilograms, landed in Yen Bai province. The smaller one hit the roof of the house, while the larger, about the size of a basketball, landed in a garden. 
  
 The third and largest by far — around 35 to 45 kilograms and about the size of an exercise or stability ball — fortunately landed away from people, near a stream in a maize field in neighbouring Tuyen Quang province. 
  
 All three were seized by Vietnam's Air Defence Arms, and are being investigated by the Ministry of Defence, VietnamNet Bridge reported Wednesday. The ministry's findings will be reported to the International Civil Aviation Organization. 
  
 The largest ball landed in a maize field near a stream, away from people. It appears to be a compressed air tank that may be from a rocket launch. (Thanh Nien News) 
  
 So far, investigators have determined that the objects are specialized compressed air tanks that may be from a rocket and that they were manufactured in Russia, although they may have subsequently been sold to other countries. They're made of metal and don't contain radioactive or explosive materials. 
  
 Earlier, Nguyen Khoa son, a professor from Vietnam's State Space Science and Technology Program, told VietnamNet Bridge that the objects might be the result of a failed satellite launch. He noted that they were intact, suggesting they fell from an altitude of less than 100 kilometres. 
  
 Strange spheres like this have previously fallen in other places around the world. Most recently, some were reported in Spain and Turkey in November. ||||| Fox/YouTube 
  
 Vietnamese authorities are currently trying to figure out a confusing mystery. Strange balls from space have plummeted to Earth in the country, and nobody can quite puzzle out what they’re doing there. 
  
 We know what these balls are, mind you. They’re Russian spheres, specifically Russian-made compressed air tanks. It’s just that these should not being falling out of the sky and crushing sheds and gardens in Vietnam. Right before these space balls landed, locals reported thunder and flying objects, which would indicate a nearby rocket launch. 
  
 So, while we can rule out aliens, unless Russia’s been holding out on us, there’s no good explanation as to why Vietnam is being hammered with space spheres. The most common theory is that a satellite launch went wrong and this is the fallout from that; due to the balls being relatively intact, they had to fall from a distance of less than 62 miles. But there are no satellite launches publicly known in this time frame, and none in the Vietnam area. True, not every satellite launch is disclosed to the public, especially if it’s a clandestine one, but it’s not clear who in the region would even be launching such a rocket. And if they were launching a rocket, where’s the rest of it? 
  
 These tanks, for now, will remain a mystery, but we’re sure somebody will come forward and claim them eventually. After all, you don’t want your space balls just out there for governments to analyze. 
  
 (Via CBC) |||||","The Vietnamese military is investigating the discovery of three large metal spheres that mysteriously fell from the sky in the north of the country. 
  
 The strange orbs vary in size, with the largest weighing close to 100lb, and were found at three separate locations in Vietnam’s Yen Bai and Tuyen Quang provinces last weekend. 
  
 An initial investigation by the country’s Ministry of Defence suggests the objects are metal, non-radioactive, possibly Russian in origin, and probably fell from space, Thanh Nien reported. 
  
 Local residents reported hearing what sounded like thunder several minutes before the objects crashed to earth. One sphere was found in a stream while another had its fall broken by the roof of a house before falling to the floor. 
  
 The discovery has sparked numerous bizarre theories as to what the balls could be, although experts think they are almost certainly space objects – either from a rocket or satellite that would normally have burnt up when they re-entered the atmosphere, or otherwise from a failed satellite launch. 
  
 It is not known what has led the Vietnamese to believe the objects are of Russian-origin, but the BBC said it is possible the objects – which appear largely undamaged other than a light charring - were sold to a third nation before being launched into space. 
  
 Vietnam’s Deputy Chief of Staff Lieutenant General Vo Van Tuan said he would now contact all nations with space research programs and warn them to be more careful in destroying used devices “in order to maintain security of civil aviation as well as the safety of residential areas”, according to Vietnam Net. ||||| Three mysterious metal spheres that fell from the sky and landed in northern Vietnam on Saturday have been seized by the Vietnamese military and are being investigated, Vietnamese media report. 
  
 Witnesses reported hearing thunder-like noises in the sky and seeing the objects flying up there early Saturday morning before they crash-landed, Thanh Nien News reported. 
  
 Two of the metal balls, one 250 grams and one six kilograms, landed in Yen Bai province. The smaller one hit the roof of the house, while the larger, about the size of a basketball, landed in a garden. 
  
 The third and largest by far — around 35 to 45 kilograms and about the size of an exercise or stability ball — fortunately landed away from people, near a stream in a maize field in neighbouring Tuyen Quang province. 
  
 All three were seized by Vietnam's Air Defence Arms, and are being investigated by the Ministry of Defence, VietnamNet Bridge reported Wednesday. The ministry's findings will be reported to the International Civil Aviation Organization. 
  
 The largest ball landed in a maize field near a stream, away from people. It appears to be a compressed air tank that may be from a rocket launch. (Thanh Nien News) 
  
 So far, investigators have determined that the objects are specialized compressed air tanks that may be from a rocket and that they were manufactured in Russia, although they may have subsequently been sold to other countries. They're made of metal and don't contain radioactive or explosive materials. 
  
 Earlier, Nguyen Khoa son, a professor from Vietnam's State Space Science and Technology Program, told VietnamNet Bridge that the objects might be the result of a failed satellite launch. He noted that they were intact, suggesting they fell from an altitude of less than 100 kilometres. 
  
 Strange spheres like this have previously fallen in other places around the world. Most recently, some were reported in Spain and Turkey in November. ||||| Fox/YouTube 
  
 Vietnamese authorities are currently trying to figure out a confusing mystery. Strange balls from space have plummeted to Earth in the country, and nobody can quite puzzle out what they’re doing there. 
  
 We know what these balls are, mind you. They’re Russian spheres, specifically Russian-made compressed air tanks. It’s just that these should not being falling out of the sky and crushing sheds and gardens in Vietnam. Right before these space balls landed, locals reported thunder and flying objects, which would indicate a nearby rocket launch. 
  
 So, while we can rule out aliens, unless Russia’s been holding out on us, there’s no good explanation as to why Vietnam is being hammered with space spheres. The most common theory is that a satellite launch went wrong and this is the fallout from that; due to the balls being relatively intact, they had to fall from a distance of less than 62 miles. But there are no satellite launches publicly known in this time frame, and none in the Vietnam area. True, not every satellite launch is disclosed to the public, especially if it’s a clandestine one, but it’s not clear who in the region would even be launching such a rocket. And if they were launching a rocket, where’s the rest of it? 
  
 These tanks, for now, will remain a mystery, but we’re sure somebody will come forward and claim them eventually. After all, you don’t want your space balls just out there for governments to analyze. 
  
 (Via CBC) |||||","Vietnam is being bombarded with space balls, and we aren't talking about a rerelease of the 1987 Mel Brooks classic. The CBC reports three metal balls—weighing a half-pound, 13 pounds, and about 99 pounds respectively—crash-landed in two Vietnamese provinces over the weekend. One of the balls—the smallest, fortunately—landed on a roof. The others landed near a stream and in a garden. Witnesses claim to have heard something like thunder and then looked up to see the balls flying through the air. The mysterious spheres were seized by Vietnam's Air Defense Arms, and the Ministry of Defense is investigating. Initial investigations revealed the balls are ""specialized compressed air tanks,"" possibly from a rocket, the CBC reports. According to the BBC, they were made in Russia but may have been in use by another country. Now that they failed to land on anyone, the balls appear harmless. One expert thinks they came from a failed satellite launch and fell less than 62 miles since they aren't broken, the CBC reports. Uproxx points out no publicly known satellite launches took place near the time and place the balls fell. ""It’s not clear who in the region would even be launching such a rocket,"" the site adds. ""And if they were launching a rocket, where’s the rest of it?"" A member of the Vietnamese military says he'll be telling other countries to be more careful with their space balls in the future, the Independent reports. (This video reveals how fast we've amassed space junk.)","In northern Vietnam, three large metal spheres mysteriously fell from the sky, sparking investigations by the Vietnamese military. The spheres, varying in size with the largest weighing close to 100 pounds, were discovered in Yen Bai and Tuyen Quang provinces. Initial investigations suggest they are Russian-made compressed air tanks, possibly originating from a rocket or satellite launch. 

Local residents reported hearing thunder-like sounds before the objects crashed, with one sphere landing in a stream and another damaging a house roof. Experts believe the objects likely fell from an altitude of less than 100 kilometers, indicating a potential failed satellite launch. However, there is no public record of recent launches in the area, adding to the mystery.

Vietnam's Deputy Chief of Staff, Lieutenant General Vo Van Tuan, plans to contact nations with space programs to ensure better disposal of used devices to prevent future incidents. Similar mysterious objects have previously been reported in other countries like Spain and Turkey.

While the exact origin remains unclear, the prevailing theory links the spheres to a possible failed satellite launch, though no concrete evidence has surfaced. These findings will be reported to the International Civil Aviation Organization. For now, the spheres remain a puzzling phenomenon, with further analysis expected to clarify their origins.","Three metal spheres originating from space fell in northern Vietnam, prompting investigation by the Vietnamese military. The spheres, weighing between 250 grams and 45 kilograms, landed in Yen Bai and Tuyen Quang provinces after witnesses reported hearing thunder-like noises. The largest sphere, around 35-45 kilograms, was found near a stream in a maize field. Seized by Vietnam's Air Defence Arms, the objects are specialized Russian-made compressed air tanks, possibly from a rocket launch, though they may have been sold to other countries. Investigators confirmed the spheres are metallic, non-radioactive, and non-explosive. Professor Nguyen Khoa Son suggested they might result from a failed satellite launch, with their intact condition indicating a fall from under 100 kilometers. Similar incidents occurred previously in Spain and Turkey. Lieutenant General Vo Van Tuan plans to contact space-faring nations to prevent such occurrences, ensuring aviation and public safety. Findings will be reported to the International Civil Aviation Organization.",yes,no,No,No,No,
"In this task, you are given a text of many news articles seperated by special token ""|||||"". Your task is to summarize them.
WELLINGTON, New Zealand—It isn't uncommon for indigenous groups to claim rights to a nation's raw materials. In New Zealand, Maori tribes are asserting ownership of a much more unusual resource: Radio waves. 
  
 According to New Zealand's first people, the government doesn't have the authority to auction off spectrum valued at up to 400 million New Zealand dollars (US$314 million)--earmarked for so-called fourth-generation services—because Britain guaranteed the rights of unspecified national resources to Maori in a landmark 173-year-old treaty. 
  
 Maori say that makes the spectrum their rightful property, even though the pact predates the invention of the radio by several decades. The dispute threatens to delay New Zealand's rollout of 4G technology at a time when demand for faster mobile-broadband services is rising rapidly. The government had planned to auction the spectrum in September or October. 
  
 Antony Royal, a spokesman for the claimants, said Maori wanted to play a role in deciding who uses the spectrum, how it is allocated and to ensure Maori have access to it. 
  
 ""What we need to do is figure how in the spirit of partnership we will manage this on an continuing basis,"" he said. 
  
 It comes as indigenous groups around the world seek a greater share of the spoils from asset sales. In the U.S., which has more than 2 million Native Americans and 565 recognized Indian tribes, lawsuits have occasionally followed the sale of mineral rights during a boom in shale-oil production. Several world leaders, including Bolivia's Evo Morales and Ecuador's Rafael Correa, rely on support among their countries' indigenous population to stay in power. 
  
 For many New Zealanders, the 1840 Treaty of Waitangi is a document of national importance on a par with the U.S. Declaration of Independence. It lays down basic principles for relations between the nation's European settlers and Maori tribes that have helped New Zealand largely avoid the kind of fierce independence struggles faced elsewhere in the British Empire. 
  
 Still, the treaty has long made for thorny politics in New Zealand. While it guaranteed Maori ownership and control of ""taonga,"" or treasure and precious things, it never stated what those were. Maori say the 700 MHz spectrum qualifies, but ministers disagree. 
  
 ""The government doesn't accept that radio spectrum is a taonga,"" said Amy Adams, New Zealand's minister responsible for telecommunications. 
  
 It isn't the first time Maori and Wellington have sparred over asset sales. Earlier this year, a court ruled that the government's plan to raise more than NZ$1.5 billion from the sale of a minority stake in Mighty River Power Ltd., which generates renewable energy, didn't breach the Treaty of Waitangi as Maori had claimed. 
  
 Maori also failed to stop the government auctioning spectrum licenses in 1999. 
  
 For the administration of Prime Minister John Key, the issue is even more politically sensitive because the government relies on the smaller Maori Party to stay in power. There are more than 565,000 Maori in New Zealand, about 10% of the population, and they tend to have lower incomes and poorer housing. 
  
 Matthew Palmer of Thorndon Chambers, a legal expert on the Treaty of Waitangi, said a hearing of the Maori claim may push the spectrum auction back by as much as a year. Maori representatives have already lodged a claim at the Waitangi Tribunal, a commission set up to deal with their grievances. 
  
 While a ruling by the tribunal isn't binding, Mr. Palmer said the government would be unwise to dismiss it out of hand. 
  
 ""It is essentially about political pressure,"" he said. 
  
 Write to Lucy Craymer at Lucy.Craymer@wsj.com ||||| Maori Party seeks shares in 4G network 
  
 The Government has got itself into another row with Maori over a resource it wants to sell off. 
  
 This time it’s not water, but the radio waves. 
  
 It’s refused to give Maori claimants shares in the upcoming auction of the 4G network, in a decision Maori Party co-leader Tariana Turia has compared to the land grabs of 170 years ago. 
  
 The iPhone 5 runs on 4G, which is the next-generation radio spectrum for wireless broadband that's about to become available. 
  
 It will be up to 10 times faster than today's speeds. 
  
 Some Maori groups say the radio waves are a taonga, or treasure, and they deserve a share. 
  
 “They've been very clear that the spectrum is a taonga, and we have a difference of opinion on that,” says Communications Minister Amy Adams. 
  
 The claimants wanted to get shares in the spectrum, but the Government decided that's a no-go, and its governing partner - the Maori Party - isn't happy. 
  
 “The days when the Government can continue to take resources that were here before Pakeha were established in this country - I think those days are fast coming to an end,” says Ms Turia. 
  
 The 4G network will generate $2.4 billion over 20 years. There will be no shares for Maori claimants; instead they will receive an offer of a $30 million information technology fund. 
  
 And the Government says claimants should be excited by that. 
  
 “There's some really exciting ways at how we can transition Maori language and culture into the modern digital world,” says Ms Adams. 
  
 But Ms Turia isn't excited at all. She says the $30 million offer is a disgrace, akin to the beads and blankets early Maori traded land away for. 
  
 “We're back to the beads and blankets days,” she says. 
  
 Ms Turia has called for claimants to go back and challenge the move at the Waitangi tribunal. 
  
 So just like with the water claim related to asset sales, Maori claimants wanted shares in the radio waves as it was sold off. But just like with water, the Government didn't want a bar of that. The Maori Party is once again angry with John Key and National, but once again it’s yet to be seen if they will do anything about it. 
  
 3 News |||||","WELLINGTON, New Zealand—It isn't uncommon for indigenous groups to claim rights to a nation's raw materials. In New Zealand, Maori tribes are asserting ownership of a much more unusual resource: Radio waves. 
  
 According to New Zealand's first people, the government doesn't have the authority to auction off spectrum valued at up to 400 million New Zealand dollars (US$314 million)--earmarked for so-called fourth-generation services—because Britain guaranteed the rights of unspecified national resources to Maori in a landmark 173-year-old treaty. 
  
 Maori say that makes the spectrum their rightful property, even though the pact predates the invention of the radio by several decades. The dispute threatens to delay New Zealand's rollout of 4G technology at a time when demand for faster mobile-broadband services is rising rapidly. The government had planned to auction the spectrum in September or October. 
  
 Antony Royal, a spokesman for the claimants, said Maori wanted to play a role in deciding who uses the spectrum, how it is allocated and to ensure Maori have access to it. 
  
 ""What we need to do is figure how in the spirit of partnership we will manage this on an continuing basis,"" he said. 
  
 It comes as indigenous groups around the world seek a greater share of the spoils from asset sales. In the U.S., which has more than 2 million Native Americans and 565 recognized Indian tribes, lawsuits have occasionally followed the sale of mineral rights during a boom in shale-oil production. Several world leaders, including Bolivia's Evo Morales and Ecuador's Rafael Correa, rely on support among their countries' indigenous population to stay in power. 
  
 For many New Zealanders, the 1840 Treaty of Waitangi is a document of national importance on a par with the U.S. Declaration of Independence. It lays down basic principles for relations between the nation's European settlers and Maori tribes that have helped New Zealand largely avoid the kind of fierce independence struggles faced elsewhere in the British Empire. 
  
 Still, the treaty has long made for thorny politics in New Zealand. While it guaranteed Maori ownership and control of ""taonga,"" or treasure and precious things, it never stated what those were. Maori say the 700 MHz spectrum qualifies, but ministers disagree. 
  
 ""The government doesn't accept that radio spectrum is a taonga,"" said Amy Adams, New Zealand's minister responsible for telecommunications. 
  
 It isn't the first time Maori and Wellington have sparred over asset sales. Earlier this year, a court ruled that the government's plan to raise more than NZ$1.5 billion from the sale of a minority stake in Mighty River Power Ltd., which generates renewable energy, didn't breach the Treaty of Waitangi as Maori had claimed. 
  
 Maori also failed to stop the government auctioning spectrum licenses in 1999. 
  
 For the administration of Prime Minister John Key, the issue is even more politically sensitive because the government relies on the smaller Maori Party to stay in power. There are more than 565,000 Maori in New Zealand, about 10% of the population, and they tend to have lower incomes and poorer housing. 
  
 Matthew Palmer of Thorndon Chambers, a legal expert on the Treaty of Waitangi, said a hearing of the Maori claim may push the spectrum auction back by as much as a year. Maori representatives have already lodged a claim at the Waitangi Tribunal, a commission set up to deal with their grievances. 
  
 While a ruling by the tribunal isn't binding, Mr. Palmer said the government would be unwise to dismiss it out of hand. 
  
 ""It is essentially about political pressure,"" he said. 
  
 Write to Lucy Craymer at Lucy.Craymer@wsj.com ||||| Maori Party seeks shares in 4G network 
  
 The Government has got itself into another row with Maori over a resource it wants to sell off. 
  
 This time it’s not water, but the radio waves. 
  
 It’s refused to give Maori claimants shares in the upcoming auction of the 4G network, in a decision Maori Party co-leader Tariana Turia has compared to the land grabs of 170 years ago. 
  
 The iPhone 5 runs on 4G, which is the next-generation radio spectrum for wireless broadband that's about to become available. 
  
 It will be up to 10 times faster than today's speeds. 
  
 Some Maori groups say the radio waves are a taonga, or treasure, and they deserve a share. 
  
 “They've been very clear that the spectrum is a taonga, and we have a difference of opinion on that,” says Communications Minister Amy Adams. 
  
 The claimants wanted to get shares in the spectrum, but the Government decided that's a no-go, and its governing partner - the Maori Party - isn't happy. 
  
 “The days when the Government can continue to take resources that were here before Pakeha were established in this country - I think those days are fast coming to an end,” says Ms Turia. 
  
 The 4G network will generate $2.4 billion over 20 years. There will be no shares for Maori claimants; instead they will receive an offer of a $30 million information technology fund. 
  
 And the Government says claimants should be excited by that. 
  
 “There's some really exciting ways at how we can transition Maori language and culture into the modern digital world,” says Ms Adams. 
  
 But Ms Turia isn't excited at all. She says the $30 million offer is a disgrace, akin to the beads and blankets early Maori traded land away for. 
  
 “We're back to the beads and blankets days,” she says. 
  
 Ms Turia has called for claimants to go back and challenge the move at the Waitangi tribunal. 
  
 So just like with the water claim related to asset sales, Maori claimants wanted shares in the radio waves as it was sold off. But just like with water, the Government didn't want a bar of that. The Maori Party is once again angry with John Key and National, but once again it’s yet to be seen if they will do anything about it. 
  
 3 News |||||","New Zealand hopes to roll out 4G technology across the nation this fall, but an unusual legal dispute is threatening to force a long delay: The indigenous Maori tribes have claimed ownership of New Zealand's radio waves, reports the Wall Street Journal. If the claim is true, that means the government has no authority to auction off spectrum necessary for the upgrade. The Maori base their case on a treaty in which the government gave them the rights to ""taonga""—loosely defined as treasure. That treaty, however, was signed in 1840, long before anyone even thought of something called a radio. ""The government doesn't accept that radio spectrum is a taonga,"" says a government official. But the Journal quotes a legal expert on the treaty who says 4G might have to wait another year because of the fight.","### Summary of News Articles:

**Article 1: Maori Tribes Claim Ownership of Radio Waves in New Zealand**
- **Summary**: In New Zealand, Maori tribes are asserting ownership over radio waves (spectrum) valued at up to NZ$400 million, earmarked for fourth-generation (4G) services. They base their claim on the 1840 Treaty of Waitangi, which they argue guarantees rights to unspecified national resources. The dispute threatens to delay the government's planned auction of the spectrum, scheduled for September or October. Antony Royal, a spokesman for the claimants, emphasizes the need for Maori involvement in decisions regarding spectrum use and allocation. However, the government, led by Minister Amy Adams, disputes that radio spectrum qualifies as a ""taonga"" (treasure) under the treaty. This issue adds to ongoing tensions over asset sales involving Maori groups, with potential political implications for Prime Minister John Key's administration, which relies on the Maori Party for support.

---

**Article 2: Maori Party Opposes Government's Refusal to Share 4G Spectrum**
- **Summary**: The New Zealand government has rejected Maori claims for shares in the upcoming auction of the 4G network, sparking criticism from the Maori Party. Co-leader Tariana Turia likened the decision to historical land grabs, arguing that Maori deserve a stake in resources that existed before European settlement. While the 4G network is expected to generate NZ$2.4 billion over 20 years, the government offered Maori claimants a NZ$30 million information technology fund instead of shares. Ms. Turia dismissed this offer as inadequate, comparing it to the ""beads and blankets"" used in early colonial trades. She urged claimants to challenge the government's decision at the Waitangi Tribunal. Communications Minister Amy Adams defended the government's stance, suggesting alternative ways to incorporate Maori language and culture into digital advancements. The situation mirrors previous disputes over water rights and asset sales, highlighting continued friction between the government and Maori groups.","Maori tribes in New Zealand are claiming ownership of radio waves, valued at up to NZ$400 million, designated for 4G services. They base their claim on the 1840 Treaty of Waitangi, arguing it guarantees rights to unspecified national resources, including the 700 MHz spectrum. This dispute could delay the government's planned September-October auction. The government, represented by Minister Amy Adams, does not recognize radio spectrum as a ""taonga"" under the treaty. This is not the first asset-related conflict between Maori and the government; previous disputes include the Mighty River Power sale and the 1999 spectrum license auction. The Maori Party criticizes the government's refusal to offer shares in the 4G network, which is projected to generate NZ$2.4 billion over 20 years. Instead, the government offered a NZ$30 million IT fund, a move dismissed by Maori Party co-leader Tariana Turia as insufficient. She likened the offer to historical unfair trades and called for a challenge at the Waitangi Tribunal, emphasizing the need for Maori involvement in resource management decisions.",yes,no,No,Yes,No,
"In this task, you are given a text of many news articles seperated by special token ""|||||"". Your task is to summarize them.
What happens when a python eats a porcupine? Hint: It's not pretty. A hungry snake in South Africa just found this out the hard way when it ate a porcupine for supper and died less than a week later. (All images courtesy of Lake Eland Game Reserve) [Read the full python versus porcupine story] 
  
 Stuffed snake 
  
 On June 14, a cyclist riding along one of the mountain bike trails at the Lake Eland Game Reserve in KwaZulu-Natal, South Africa, spotted this engorged snake. 
  
 Snack attack 
  
 No one knew at first what the snake had eaten; just that it must have been something fairly large. Park rangers suspected the python feasted on a small warthog or a baby impala. 
  
 Porcupine's revenge 
  
 Less than a week later, on Saturday, June 20, park rangers found the python dead near the bike trail. When they cut it open, they found a 30-pound (13.8 kilograms) porcupine. 
  
 Bad decisions 
  
 Believe it or not, pythons and other snakes do sometimes eat porcupines. However, many snakes end up regretting their choice of snack. A study published in 2003 in the Phyllomedusa Journal of Herpetology found that a porcupine's quills can pierce all the way through a hungry snake's body. 
  
 More than he could chew 
  
 Pythons in the Lake Eland Game Reserve have been spotted consuming even larger prey than a porcupine. The owner of the reserve, Eric Dunstone, once saw a python swallow an adult oribi antelope whole, according to Jennifer Fuller, the reserve's general manager. Oribi bucks can weigh nearly 50 pounds (22.7 kg). In this case, though, it likely wasn't the size of the porcupine that damaged the snake. 
  
 Snake autopsy 
  
 It still isn't clear if this python's spiky meal was actually responsible for its death, Fuller told Live Science. Rangers found the snake underneath a rocky ledge, where it had apparently fallen. On impact, the quills inside its engorged belly may have pierced the python's digestive tract, which could have killed it. 
  
 Empty shell 
  
 Rangers at the reserve stripped off the python's skin after removing the porcupine from its digestive track. 
  
 Long way down 
  
 Rangers also took measurements of the snake's massive body, which measured 12.8 feet (3.9 meters) long. The snake's head features a dual set of lower jaws that move independently of one another, allowing the animal to open wide to swallow large prey. 
  
 Follow Elizabeth Palermo @techEpalermo. Follow Live Science @livescience, Facebook & Google+. ||||| We all eat the wrong thing sometimes, but this 12-foot-long South African python made a major error. It swallowed a porcupine whole. Spoilers: No, it did not survive. 
  
 LiveScience reports that a bicyclist captured these photos of the snake right after it had gulped down its meal. At the time, park rangers speculated that it had eaten something like a small warthog. 
  
 But then the snake appears to have suffered a setback. A week after these photos were taken, park rangers found it dead. Apparently, it had fallen off a ledge. But why would that kill a snake? When the rangers opened the snake up, they discovered the answer. 
  
 It had eaten a 30 pound porcupine, whose quills probably pierced its digestive tract in the fall, and killed it. In this image, you can see the mostly-undigested porcupine, whose quills lodged in the snake’s stomach, at right. 
  
 Now we know who wins when a snake fights a porcupine. Nobody. 
  
 [via LiveScience and Lake Elund Game Reserve] 
  
  ||||| The predators died in the clash 
  
 Enlarge Image 
  
 An unusual clash between a 6-foot (1.8m) alligator and a 13-foot (3.9m) python has left two of the deadliest predators dead in Florida's swamps. The Burmese python tried to swallow its fearsome rival whole but then exploded. The remains of the two giant reptiles were found by astonished rangers in the Everglades National Park. The rangers say the find suggests that non-native Burmese pythons might even challenge alligators' leading position in the food chain in the swamps. Clearly, if they can kill an alligator they can kill other species 
  
 Prof Frank Mazzotti The python's remains were found with the victim's tail protruding from its burst midsection. The head of the python was missing. ""Encounters like that are almost never seen in the wild... And here we are,"" Frank Mazzotti, a University of Florida wildlife professor, was quoted as saying by the Associated Press news agency. ""They were probably evenly matched in size. If the python got a good grip on the alligator before the alligator got a good grip on him, he could win,"" Professor Mazzotti said. He said the alligator may have clawed at the python's stomach, leading it to burst. ""Clearly, if they can kill an alligator they can kill other species,"" Prof Mazzotti said. He said that there had been four known encounters between the two species in the past. In the other cases, the alligator won or the battle was an apparent draw. Burmese pythons - many of whom have been dumped by their owners - have thrived in the wet and hot climate of Florida's swamps over the past 20 years. 
  
  
  
 Bookmark with: Delicious 
  
 Digg 
  
 reddit 
  
 Facebook 
  
 StumbleUpon What are these? E-mail this to a friend Printable version |||||","What happens when a python eats a porcupine? Hint: It's not pretty. A hungry snake in South Africa just found this out the hard way when it ate a porcupine for supper and died less than a week later. (All images courtesy of Lake Eland Game Reserve) [Read the full python versus porcupine story] 
  
 Stuffed snake 
  
 On June 14, a cyclist riding along one of the mountain bike trails at the Lake Eland Game Reserve in KwaZulu-Natal, South Africa, spotted this engorged snake. 
  
 Snack attack 
  
 No one knew at first what the snake had eaten; just that it must have been something fairly large. Park rangers suspected the python feasted on a small warthog or a baby impala. 
  
 Porcupine's revenge 
  
 Less than a week later, on Saturday, June 20, park rangers found the python dead near the bike trail. When they cut it open, they found a 30-pound (13.8 kilograms) porcupine. 
  
 Bad decisions 
  
 Believe it or not, pythons and other snakes do sometimes eat porcupines. However, many snakes end up regretting their choice of snack. A study published in 2003 in the Phyllomedusa Journal of Herpetology found that a porcupine's quills can pierce all the way through a hungry snake's body. 
  
 More than he could chew 
  
 Pythons in the Lake Eland Game Reserve have been spotted consuming even larger prey than a porcupine. The owner of the reserve, Eric Dunstone, once saw a python swallow an adult oribi antelope whole, according to Jennifer Fuller, the reserve's general manager. Oribi bucks can weigh nearly 50 pounds (22.7 kg). In this case, though, it likely wasn't the size of the porcupine that damaged the snake. 
  
 Snake autopsy 
  
 It still isn't clear if this python's spiky meal was actually responsible for its death, Fuller told Live Science. Rangers found the snake underneath a rocky ledge, where it had apparently fallen. On impact, the quills inside its engorged belly may have pierced the python's digestive tract, which could have killed it. 
  
 Empty shell 
  
 Rangers at the reserve stripped off the python's skin after removing the porcupine from its digestive track. 
  
 Long way down 
  
 Rangers also took measurements of the snake's massive body, which measured 12.8 feet (3.9 meters) long. The snake's head features a dual set of lower jaws that move independently of one another, allowing the animal to open wide to swallow large prey. 
  
 Follow Elizabeth Palermo @techEpalermo. Follow Live Science @livescience, Facebook & Google+. ||||| We all eat the wrong thing sometimes, but this 12-foot-long South African python made a major error. It swallowed a porcupine whole. Spoilers: No, it did not survive. 
  
 LiveScience reports that a bicyclist captured these photos of the snake right after it had gulped down its meal. At the time, park rangers speculated that it had eaten something like a small warthog. 
  
 But then the snake appears to have suffered a setback. A week after these photos were taken, park rangers found it dead. Apparently, it had fallen off a ledge. But why would that kill a snake? When the rangers opened the snake up, they discovered the answer. 
  
 It had eaten a 30 pound porcupine, whose quills probably pierced its digestive tract in the fall, and killed it. In this image, you can see the mostly-undigested porcupine, whose quills lodged in the snake’s stomach, at right. 
  
 Now we know who wins when a snake fights a porcupine. Nobody. 
  
 [via LiveScience and Lake Elund Game Reserve] 
  
  ||||| The predators died in the clash 
  
 Enlarge Image 
  
 An unusual clash between a 6-foot (1.8m) alligator and a 13-foot (3.9m) python has left two of the deadliest predators dead in Florida's swamps. The Burmese python tried to swallow its fearsome rival whole but then exploded. The remains of the two giant reptiles were found by astonished rangers in the Everglades National Park. The rangers say the find suggests that non-native Burmese pythons might even challenge alligators' leading position in the food chain in the swamps. Clearly, if they can kill an alligator they can kill other species 
  
 Prof Frank Mazzotti The python's remains were found with the victim's tail protruding from its burst midsection. The head of the python was missing. ""Encounters like that are almost never seen in the wild... And here we are,"" Frank Mazzotti, a University of Florida wildlife professor, was quoted as saying by the Associated Press news agency. ""They were probably evenly matched in size. If the python got a good grip on the alligator before the alligator got a good grip on him, he could win,"" Professor Mazzotti said. He said the alligator may have clawed at the python's stomach, leading it to burst. ""Clearly, if they can kill an alligator they can kill other species,"" Prof Mazzotti said. He said that there had been four known encounters between the two species in the past. In the other cases, the alligator won or the battle was an apparent draw. Burmese pythons - many of whom have been dumped by their owners - have thrived in the wet and hot climate of Florida's swamps over the past 20 years. 
  
  
  
 Bookmark with: Delicious 
  
 Digg 
  
 reddit 
  
 Facebook 
  
 StumbleUpon What are these? E-mail this to a friend Printable version |||||","Anyone traumatized by the 2005 report of the exploding python might have imagined this wasn't the best idea ever conceived by a predator: A cyclist in South Africa's Lake Eland Game Preserve earlier this month came upon a nearly 13-foot python who looked about as stuffed as your Uncle Elmer shoving back from Thanksgiving dinner. The cyclist took a couple of pictures, uploaded them to social media, gawkers came and gawked, and lots of speculation ensued about what the critter might've eaten, reports LiveScience, ranging from small warthog to the presumably tongue-in-cheek ""errant child."" A week later, however, the snake was found dead and park officials decided to have their answer. Upon cutting the python open, they found a 30-pound porcupine, mostly undigested. The python's cause of death, however, is something of a chicken-and-egg game: While eating a massive, prickly porcupine probably wasn't its best career move, pythons have been know to eat both porcupines and larger prey and that alone probably wasn't enough to kill it. But the snake apparently fell down onto a ledge, notes LiveScience, and the porcupine's quills likely pierced something critical in the fall, like the snake's digestive tract. As Gizmodo puts it: ""Now we know who wins when a snake fights a porcupine. Nobody."" The Lake Eland Game Preserve posted all the grisly photos on Facebook.","### Summary of Articles:

1. **Python vs Porcupine in South Africa**  
   A 12.8-foot-long python at the Lake Eland Game Reserve in South Africa ate a 30-pound porcupine, which likely led to its death. Initially spotted engorged by a cyclist, the snake was found dead a week later near a bike trail. Upon dissection, rangers discovered the undigested porcupine inside. It is believed that the python fell from a ledge, causing the porcupine's quills to pierce its digestive tract. While pythons occasionally eat porcupines, the quills can fatally damage the snake.

2. **Python vs Porcupine Outcome**  
   This article reiterates the story of the python that ate a porcupine and died as a result. The porcupine's quills are thought to have pierced the python's stomach during or after the fall from a ledge. Park rangers confirmed the porcupine's presence inside the snake upon autopsy, emphasizing the risks snakes face when consuming spiky prey.

3. **Python vs Alligator in Florida**  
   In Florida's Everglades National Park, a dramatic encounter between a Burmese python and an alligator ended with both predators dying. The python attempted to swallow the alligator whole but burst open, leaving the alligator's tail protruding from its body. Experts suggest that non-native Burmese pythons may pose a threat to native wildlife, including apex predators like alligators. This incident highlights the ecological impact of invasive species in Florida’s swamps.

These articles collectively illustrate the dangers faced by predators when attempting to consume unusual or dangerous prey, showcasing nature's balance and the consequences of such encounters.","A 12.8-foot-long python at the Lake Eland Game Reserve in South Africa ate a 30-pound porcupine and died less than a week later. Initially spotted engorged by a cyclist, the snake was found dead near a bike trail. Upon dissection, rangers discovered the undigested porcupine inside. It is believed that the python fell from a ledge, causing the porcupine's quills to pierce its digestive tract. While pythons occasionally eat porcupines, the quills can fatally damage the snake. In another incident, a Burmese python in Florida's Everglades National Park attempted to swallow an alligator whole but burst open, leaving the alligator's tail protruding from its body. Experts suggest that non-native Burmese pythons may pose a threat to native wildlife, including apex predators like alligators. These incidents highlight the risks predators face when consuming dangerous prey.",yes,no,Yes,No,No,
"In this task, you are given an article. Your task is to summarize the article in a sentence.
A local official said many of those who died had been in the market in Bodo. At least three suicide bombers were said to be involved.
The Nigeria-based militant group Boko Haram is suspected of carrying out the attack.
Last month, two female suicide bombers blew themselves up in Bodo.
Cameroon is part of a regional coalition fighting Boko Haram, along with Nigeria, Niger, Chad and Benin.
Although the militants have been driven from most of the areas they controlled in north-eastern Nigeria, they have continued to carry out suicide bombings and raids into neighbouring countries.
One witness in Bodo told the BBC that at least two of the attackers were teenage girls who had hidden their explosives in sacks of grain.
Another witness said two blasts had hit the market and another had targeted a roadblock.
""We were in the market [at] around 10 in the morning when we heard a blast. The second one went off not more than two minutes after and we took to our heels,"" the witness said.
""There is a vigilante roadblock just outside town where another bomb went off and killed six people.""","A local official said many of those who died had been in the market in Bodo. At least three suicide bombers were said to be involved.
The Nigeria-based militant group Boko Haram is suspected of carrying out the attack.
Last month, two female suicide bombers blew themselves up in Bodo.
Cameroon is part of a regional coalition fighting Boko Haram, along with Nigeria, Niger, Chad and Benin.
Although the militants have been driven from most of the areas they controlled in north-eastern Nigeria, they have continued to carry out suicide bombings and raids into neighbouring countries.
One witness in Bodo told the BBC that at least two of the attackers were teenage girls who had hidden their explosives in sacks of grain.
Another witness said two blasts had hit the market and another had targeted a roadblock.
""We were in the market [at] around 10 in the morning when we heard a blast. The second one went off not more than two minutes after and we took to our heels,"" the witness said.
""There is a vigilante roadblock just outside town where another bomb went off and killed six people.""",At least 25 people are reported to have been killed after suicide bombers struck a town in northern Cameroon near the border with Nigeria.,"A series of suicide bombings in Bodo, Cameroon, suspected to be carried out by Boko Haram, resulted in multiple fatalities, with witnesses reporting that at least two of the attackers were teenage girls who concealed explosives in sacks of grain.","A series of suicide bombings in Bodo, Cameroon, suspected to be carried out by Boko Haram, resulted in multiple fatalities, with witnesses reporting that at least two of the attackers were teenage girls who concealed explosives in sacks of grain and blasts hitting the market and a roadblock.",yes,no,No,No,No,
"In this task, you are given an article. Your task is to summarize the article in a sentence.
Brown and Barclay have won 107 caps between them but have been omitted from Vern Cotter's 32-man pool.
""We seem to be promoting players who've come in from New Zealand at the expense of John Barclay and Kelly Brown.
""Your chances of playing for Scotland are greatly heightened by playing for Edinburgh and Glasgow,"" said Nicol.
Edinburgh flanker Hugh Blake has been called into the squad for the first time, in preference to both Brown and Barclay.
Blake qualifies to play for the national team through his Scottish grandparents.
Brown, 32, led Scotland into last year's Six Nations as captain, only to be dropped from the squad for the home defeat to England then recalled as captain for the loss to France at Murrayfield.
He was overlooked for selection for the three Autumn tests against Argentina, New Zealand and Tonga.
Barclay has excelled in the back-row for Welsh side Scarlets this season and, at 28, is likely to have several seasons left at the top level.
Former Bath and Glasgow scrum-half Nicol says favouring players who play their rugby in Scotland isn't necessarily wrong, but that ultimately the decision should come down to ability.
""There's not been a stated policy about not picking players playing in Scotland,"" Nicol continued.
""There are a number of players (in the squad) who play outwith Scotland, but I think it's very clear that your chances of playing for Scotland are greatly heightened by playing for Edinburgh and Glasgow.
""That might be the right thing to do, don't get me wrong.
""I just think that, if you're picking your best players for this Six Nations, and forget the World Cup, because if they're good enough for the Six Nations then you're good enough for the World Cup, you pick your best players and I would've thought Kelly Brown and John Barclay in particular are two that would come in there.""
Despite reservations about the omission of some experienced players, Nicol is positive about Scotland's chances in the Six Nations.
""I'm quite excited about what could happen,"" he said. ""It was a good Autumn series.
""A very good performance against Argentina, good again against the best team in the world, New Zealand, and then finished it off well against Tonga.
""So there's a lot of confidence in the squad.
""Edinburgh have improved markedly since the Autumn tests and that's reflected in more players coming in from Edinburgh.
""That's a good sign. These players will be a bit more confident coming into the Six Nations.""","Brown and Barclay have won 107 caps between them but have been omitted from Vern Cotter's 32-man pool.
""We seem to be promoting players who've come in from New Zealand at the expense of John Barclay and Kelly Brown.
""Your chances of playing for Scotland are greatly heightened by playing for Edinburgh and Glasgow,"" said Nicol.
Edinburgh flanker Hugh Blake has been called into the squad for the first time, in preference to both Brown and Barclay.
Blake qualifies to play for the national team through his Scottish grandparents.
Brown, 32, led Scotland into last year's Six Nations as captain, only to be dropped from the squad for the home defeat to England then recalled as captain for the loss to France at Murrayfield.
He was overlooked for selection for the three Autumn tests against Argentina, New Zealand and Tonga.
Barclay has excelled in the back-row for Welsh side Scarlets this season and, at 28, is likely to have several seasons left at the top level.
Former Bath and Glasgow scrum-half Nicol says favouring players who play their rugby in Scotland isn't necessarily wrong, but that ultimately the decision should come down to ability.
""There's not been a stated policy about not picking players playing in Scotland,"" Nicol continued.
""There are a number of players (in the squad) who play outwith Scotland, but I think it's very clear that your chances of playing for Scotland are greatly heightened by playing for Edinburgh and Glasgow.
""That might be the right thing to do, don't get me wrong.
""I just think that, if you're picking your best players for this Six Nations, and forget the World Cup, because if they're good enough for the Six Nations then you're good enough for the World Cup, you pick your best players and I would've thought Kelly Brown and John Barclay in particular are two that would come in there.""
Despite reservations about the omission of some experienced players, Nicol is positive about Scotland's chances in the Six Nations.
""I'm quite excited about what could happen,"" he said. ""It was a good Autumn series.
""A very good performance against Argentina, good again against the best team in the world, New Zealand, and then finished it off well against Tonga.
""So there's a lot of confidence in the squad.
""Edinburgh have improved markedly since the Autumn tests and that's reflected in more players coming in from Edinburgh.
""That's a good sign. These players will be a bit more confident coming into the Six Nations.""","Kelly Brown and John Barclay are among Scotland's best players and should be in the squad for the Six Nations, according to former captain Andy Nicol.","Experienced Scottish rugby players John Barclay and Kelly Brown have been omitted from Vern Cotter's 32-man Six Nations squad in favor of newer players, sparking debate about selection priorities and the potential impact on Scotland's tournament performance.","Experienced Scottish rugby players John Barclay and Kelly Brown have been omitted from Vern Cotter's 32-man Six Nations squad, with Edinburgh flanker Hugh Blake preferred, leading to discussions about selection priorities and the impact of playing in Scotland on international opportunities.",yes,no,No,No,No,
"In this task, you are given an article. Your task is to summarize the article in a sentence.
Media playback is not supported on this device
Instead of ""Orientales, la Patria o la Tumba"", organisers played the national anthem of Chile.
Tournament officials apologised to the ""people of Uruguay"" and blamed human error for the mistake.
To compound matters, Uruguay, missing the injured Luis Suarez, conceded two late goals to lose the match 3-1.
The Copa America is being held in United States for the first time.
Copa America fixtures and standings
Subscribe to the BBC Sport newsletter to get our pick of news, features and video sent to your inbox.","Media playback is not supported on this device
Instead of ""Orientales, la Patria o la Tumba"", organisers played the national anthem of Chile.
Tournament officials apologised to the ""people of Uruguay"" and blamed human error for the mistake.
To compound matters, Uruguay, missing the injured Luis Suarez, conceded two late goals to lose the match 3-1.
The Copa America is being held in United States for the first time.
Copa America fixtures and standings
Subscribe to the BBC Sport newsletter to get our pick of news, features and video sent to your inbox.",Uruguay's players were left looking at each other in bemusement prior to their Copa America clash with Mexico when the wrong national anthem was played.,"Organizers of the Copa America, held in the United States for the first time, apologized to Uruguay after mistakenly playing Chile's national anthem instead of Uruguay's before a match where Uruguay, missing injured star Luis Suarez, lost 3-1 to Chile due to two late goals.","Organizers of the Copa America, held in the United States for the first time, apologized to Uruguay after mistakenly playing Chile's national anthem instead of Uruguay's due to human error before a match where Uruguay, missing injured star Luis Suarez, conceded two late goals and lost 3-1 to Chile.",yes,no,No,Yes,No,
"In this task, you are given an article. Your task is to summarize the article in a sentence.
The incident took place at the Scottish Ambulance Service depot in West School Road at about 15:25 on Friday.
Police and Health and Safety Executive investigations are being conducted into the incident.
The Scottish Ambulance Service said the man remained in hospital following the incident and it was in close contact with his family.
A spokesman for the service said: ""We are aware of an incident involving a member of staff in Dundee on Friday.
""The Health and Safety Executive has been made aware of the incident and an investigation into the circumstances is ongoing.
""At this stage we cannot comment any further on the cause of the incident.
""In the meantime, we are in close contact with the family of our staff member, who remains in hospital, and are offering support to local staff.""
A police spokeswoman said: ""Police Scotland were called to West School Road in Dundee around 15:25 on Friday 3 March after a man was seriously injured in an incident within the grounds of the Scottish Ambulance Service.
""He was taken to Ninewells Hospital for treatment.
""The Health and Safety Executive has been informed and police inquiries are ongoing.""","The incident took place at the Scottish Ambulance Service depot in West School Road at about 15:25 on Friday.
Police and Health and Safety Executive investigations are being conducted into the incident.
The Scottish Ambulance Service said the man remained in hospital following the incident and it was in close contact with his family.
A spokesman for the service said: ""We are aware of an incident involving a member of staff in Dundee on Friday.
""The Health and Safety Executive has been made aware of the incident and an investigation into the circumstances is ongoing.
""At this stage we cannot comment any further on the cause of the incident.
""In the meantime, we are in close contact with the family of our staff member, who remains in hospital, and are offering support to local staff.""
A police spokeswoman said: ""Police Scotland were called to West School Road in Dundee around 15:25 on Friday 3 March after a man was seriously injured in an incident within the grounds of the Scottish Ambulance Service.
""He was taken to Ninewells Hospital for treatment.
""The Health and Safety Executive has been informed and police inquiries are ongoing.""",A mechanic has been seriously injured after being crushed by an ambulance at a Dundee depot.,"A serious incident at the Scottish Ambulance Service depot in Dundee left a male staff member hospitalized, prompting investigations by the Police and Health and Safety Executive, while the Scottish Ambulance Service supports the affected family and staff.","A serious incident at the Scottish Ambulance Service depot in Dundee resulted in a male staff member being hospitalized, leading to ongoing investigations by the Police and Health and Safety Executive, while the Scottish Ambulance Service maintains contact with the family and offers support to local staff.",yes,yes,Yes,No,Yes,
"In this task, you are given an article. Your task is to summarize the article in a sentence.
Two other executives of the US's third largest airline also resigned.
According to US media reports, federal authorities are investigating whether Mr Smisek sanctioned a money-losing flight to benefit the head of the Port Authority of New York and New Jersey.
United said that it was cooperating with investigators.
At the time the route operated from Newark, New Jersey, to Columbia, South Carolina, United Airlines was lobbying for improvements at Newark Liberty International Airport, which the Port Authority owns.
Former Port Authority Chairman David Samson owned a vacation home in Columbia at the time.
United launched the twice weekly, direct flight route shortly after Mr Samson was appointed and cancelled it after Mr Samson left the Port Authority.
Oscar Munoz, the chief operating officer CSX Corp, was named Mr Smisek's replacement as CEO.","Two other executives of the US's third largest airline also resigned.
According to US media reports, federal authorities are investigating whether Mr Smisek sanctioned a money-losing flight to benefit the head of the Port Authority of New York and New Jersey.
United said that it was cooperating with investigators.
At the time the route operated from Newark, New Jersey, to Columbia, South Carolina, United Airlines was lobbying for improvements at Newark Liberty International Airport, which the Port Authority owns.
Former Port Authority Chairman David Samson owned a vacation home in Columbia at the time.
United launched the twice weekly, direct flight route shortly after Mr Samson was appointed and cancelled it after Mr Samson left the Port Authority.
Oscar Munoz, the chief operating officer CSX Corp, was named Mr Smisek's replacement as CEO.","The chief executive and chairman of the board of United Airlines, Jeff Smisek, has quit amid a corruption investigation.","United Airlines' CEO Jeff Smisek resigned amid a federal investigation into whether he approved a money-losing flight route to benefit the head of the Port Authority of New York and New Jersey, with two other executives also resigning and Oscar Munoz named as the new CEO.","United Airlines' CEO Jeff Smisek resigned amid a federal investigation into whether he approved a money-losing flight route to benefit the head of the Port Authority of New York and New Jersey, with two other executives also resigning and Oscar Munoz named as his replacement.",yes,no,No,No,No,
"In this task, you are given news articles and you need to generate a highlight, i.e., a short summary, with a maximum length of 10 lines.
(CNN) -- MotoGP championship leader Casey Stoner claimed his 10th pole position of 2011 on Saturday to boost his bid for a ninth victory this season at the Japan Grand Prix. After 14 of 18 meetings, the Australian holds a 44-point lead over world champion Jorge Lorenzo, who will start Sunday's race second on the grid for Yamaha at Motegi. He broke Lorenzo's 2008 lap record with a time of one minute 45.267 seconds to earn his first pole at the circuit, where he won last year's race. Stoner's teammate Andrea Dovizioso qualified third ahead of another Honda rider, Dani Pedrosa, while American Ben Spies claimed fifth for Yamaha. Honda's Marco Simoncelli completed the third row for Honda, while fellow Italian and seven-time world champion Valentino Rossi was seventh for Ducati. Hiroshi Aoyama, in 11th, was the highest-placed Japanese rider for what will be an emotional day. Motorcycling's top names had initially refused to travel to Motegi due to health fears after the Fukushima Daiichi nuclear power plant was damaged during March's earthquake and tsunami. They backed down after MotoGP officials refused to cancel the race, but Stoner arrived late to reduce any exposure to radiation and Lorenzo told reporters that he had been washing with bottled water despite experts insisting the Motegi area is safe from any fallout. But the riders have helped raise $140,000 for the ""We are for Japan"" campaign, with Aoyama to present the check to local officials before the race. ""Everything has gone very well so far this weekend. We've been fastest in all but one session, so it's been fantastic,"" 2007 world champion Stoner told the MotoGP website. ""We'll have to watch the weather as this will affect the set-up. There's also a chance of rain, so it could get complicated. Jorge has been riding fantastic, as has Dovi and Dani, but there is no doubt that the Honda suits this track.""","(CNN) -- MotoGP championship leader Casey Stoner claimed his 10th pole position of 2011 on Saturday to boost his bid for a ninth victory this season at the Japan Grand Prix. After 14 of 18 meetings, the Australian holds a 44-point lead over world champion Jorge Lorenzo, who will start Sunday's race second on the grid for Yamaha at Motegi. He broke Lorenzo's 2008 lap record with a time of one minute 45.267 seconds to earn his first pole at the circuit, where he won last year's race. Stoner's teammate Andrea Dovizioso qualified third ahead of another Honda rider, Dani Pedrosa, while American Ben Spies claimed fifth for Yamaha. Honda's Marco Simoncelli completed the third row for Honda, while fellow Italian and seven-time world champion Valentino Rossi was seventh for Ducati. Hiroshi Aoyama, in 11th, was the highest-placed Japanese rider for what will be an emotional day. Motorcycling's top names had initially refused to travel to Motegi due to health fears after the Fukushima Daiichi nuclear power plant was damaged during March's earthquake and tsunami. They backed down after MotoGP officials refused to cancel the race, but Stoner arrived late to reduce any exposure to radiation and Lorenzo told reporters that he had been washing with bottled water despite experts insisting the Motegi area is safe from any fallout. But the riders have helped raise $140,000 for the ""We are for Japan"" campaign, with Aoyama to present the check to local officials before the race. ""Everything has gone very well so far this weekend. We've been fastest in all but one session, so it's been fantastic,"" 2007 world champion Stoner told the MotoGP website. ""We'll have to watch the weather as this will affect the set-up. There's also a chance of rain, so it could get complicated. Jorge has been riding fantastic, as has Dovi and Dani, but there is no doubt that the Honda suits this track.""","Casey Stoner will start Sunday's Japan Grand Prix at front of the grid .
Honda star sets new lap record at Motegi as he heads off Jorge Lorenzo .
Riders have raised more than $140,000 for the ""We are for Japan"" campaign .
Stars had initially refused to compete in Japan due to radiation fears .","Casey Stoner secured his 10th pole position of the 2011 MotoGP season at the Japan Grand Prix, enhancing his chances for a ninth victory. The Australian championship leader holds a 44-point advantage over Jorge Lorenzo, who will start second. Stoner set a new lap record at Motegi with a time of 1:45.267, marking his first pole at the circuit where he won last year. His teammate Andrea Dovizioso qualified third, followed by Dani Pedrosa. Ben Spies and Marco Simoncelli rounded out the top six. Concerns about radiation from the Fukushima Daiichi nuclear plant led to initial hesitations about attending, but riders participated in the ""We are for Japan"" campaign, raising $140,000. Stoner expressed confidence in the Honda's performance on this track, despite potential weather complications.","Casey Stoner secured his 10th pole position of the 2011 MotoGP season at the Japan Grand Prix, enhancing his chances for a ninth victory. The Australian championship leader holds a 44-point advantage over Jorge Lorenzo, who will start second. Stoner broke Lorenzo's 2008 lap record with a time of 1:45.267, marking his first pole at the circuit where he won last year. His teammate Andrea Dovizioso qualified third, followed by Dani Pedrosa. Ben Spies and Marco Simoncelli rounded out the top six. Concerns about radiation from the Fukushima Daiichi nuclear plant led to initial hesitations about attending, but riders participated in the ""We are for Japan"" campaign, raising $140,000. Stoner expressed confidence in the Honda's performance on this track, despite potential weather complications.",yes,no,No,Yes,No,
"In this task, you are given news articles and you need to generate a highlight, i.e., a short summary, with a maximum length of 10 lines.
Phnom Penh, Cambodia (CNN) -- The cause of a mysterious illness that has claimed the lives of more than 60 Cambodian children has been determined, medical doctors familiar with the investigation told CNN on Wednesday. A combination of pathogens, disease-causing micro-organisms, is to blame for the illness, the World Health Organization, in conjunction with the Cambodian Ministry of Health, has concluded, the doctors said. The pathogens include enterovirus 71, which is known to cause neurological disease; streptococcus suis, which can cause infections like bacterial meningitis in people who have close contact with pigs or with pork products; and dengue, which is transmitted by mosquitoes. The inappropriate use of steroids, which can suppress the immune system, worsened the illness in a majority of the patients, the doctors said. The World Health Organization (WHO) is expected to advise health care workers to refrain from using steroids in patients with signs and symptoms of the infection, which include severe fever, encephalitis and breathing difficulties. While not all the microorganisms were present in each patient, doctors concluded the illness was caused by a combination of them and worsened by steroid use. The WHO sources did not want to be identified because the results of the health organization's investigation have not yet been made public. ""I'm very confident for the reason of the epidemic,"" said Dr. Phillipe Buchy, chief of virology at the Institut Pasteur in Cambodia and one of the doctors who cracked the case. ""The first thing that goes through your mind is, is this one of the usual suspects you haven't detected before?"" said Dr. Arnaud Tarantola, chief of epidemiology and public health at the Institut Pasteur. ""If it is, has it mutated, or changed in a way that it causes more severe disease? Or is it something completely new?"" On the steroids issue, Tarantola said, ""When you have a dying child, you try to use what you have at hand, and they were right to try that."" But, he acknowledged, ""from the cases we reviewed, almost all of the children died, and almost all of them had steroids."" Parents face anxious wait over mystery illness . ""I think we can close the case and move ahead asking different questions,"" Buchy said. ""Not what is the illness, but now, how long has the virus been circulating? What is the extent of the circulation of the virus? How many mild diseases are we missing? That's the next step."" Over the past four months, doctors at Kantha Bopha Children's Hospitals in Phnom Penh have been faced with the mysterious syndrome, which kills children so fast that nearly all of those infected with it die within a day or two of being admitted to the hospital. Dr. Beat Richner, head of the children's hospitals -- which cared for 66 patients affected by the illness, 64 of whom died -- said that no new cases of the illness had been confirmed since Saturday. Other hospitals in the country have reported similar cases, but far fewer than the children's hospitals in the capital, which are the most popular. In the last hours of their life, the children experienced a ""total destruction of the alveola(e) in the lungs,"" Richner said. Alveolae are the air sacs where oxygen enters the bloodstream. Most of the children who have contracted the illness have come from the south of the country, though health officials cannot find what is known as a cluster -- a lot of cases coming from one specific area. By June 29, the WHO had been contacted and Cambodian officials were scrambling to instruct health providers across the country to spread information about the illness as quickly as possible. Officials search for clues in disease killing Cambodia's children . The WHO and the Cambodian authorities' announcement of the situation drew criticism from Richner, who said they were ""causing unnecessary panic."" The WHO said the unexplained nature of the outbreak obliged it to communicate the information. Over the weekend, lab tests linked enterovirus 71 (EV71) to some of the cases. But the tests didn't solve the whole puzzle and health officials continued their investigations, noting the detection of other elements like streptococcus suis and dengue. The link to EV71 does not particularly help in the treatment of the illness, as there is no effective antiviral treatment for severe EV71 infections and no vaccine is available. In milder cases, EV71 can cause coldlike symptoms, diarrhea and sores on the hands, feet and mouth, according to the journal Genetic Vaccines and Therapy. But more severe cases can cause fluid to accumulate on the brain, resulting in polio-like paralysis and death. Outbreaks of the enterovirus ""occur periodically in the Asia-Pacific region,"" according to the CDC. Brunei had its first major outbreak in 2006. China had an outbreak in 2008. Adults' well-developed immune systems usually can fend off the virus, but children are vulnerable to it, according to the CDC. ""It looks like (EV71) has emerged strongly, probably because it hadn't circulated with the same intensity in the past years,"" Tarantola said. Reported cases of streptococcus suis have risen significantly in recent years, notably in Southeast Asia, according to a paper that appeared last year in Emerging Infectious Diseases, a journal published by the Centers for Disease Control and Prevention in Atlanta. The rainy season in Cambodia, which lasts from May to October, is a key problem in trying to control diseases like dengue. Because of a lack of indoor plumbing in many homes, people collect rainwater in vats, creating potential breeding grounds for mosquitoes. In Cambodia, as with many places around the world, parents first try treating their child at home. If that doesn't work, they typically then go to a local clinic. A hospital visit, which often involves a long trip, is a last resort. Mystery illness claiming dozens of lives . CNN's Sara Sidner and Tim Schwarz contributed to this report.","Phnom Penh, Cambodia (CNN) -- The cause of a mysterious illness that has claimed the lives of more than 60 Cambodian children has been determined, medical doctors familiar with the investigation told CNN on Wednesday. A combination of pathogens, disease-causing micro-organisms, is to blame for the illness, the World Health Organization, in conjunction with the Cambodian Ministry of Health, has concluded, the doctors said. The pathogens include enterovirus 71, which is known to cause neurological disease; streptococcus suis, which can cause infections like bacterial meningitis in people who have close contact with pigs or with pork products; and dengue, which is transmitted by mosquitoes. The inappropriate use of steroids, which can suppress the immune system, worsened the illness in a majority of the patients, the doctors said. The World Health Organization (WHO) is expected to advise health care workers to refrain from using steroids in patients with signs and symptoms of the infection, which include severe fever, encephalitis and breathing difficulties. While not all the microorganisms were present in each patient, doctors concluded the illness was caused by a combination of them and worsened by steroid use. The WHO sources did not want to be identified because the results of the health organization's investigation have not yet been made public. ""I'm very confident for the reason of the epidemic,"" said Dr. Phillipe Buchy, chief of virology at the Institut Pasteur in Cambodia and one of the doctors who cracked the case. ""The first thing that goes through your mind is, is this one of the usual suspects you haven't detected before?"" said Dr. Arnaud Tarantola, chief of epidemiology and public health at the Institut Pasteur. ""If it is, has it mutated, or changed in a way that it causes more severe disease? Or is it something completely new?"" On the steroids issue, Tarantola said, ""When you have a dying child, you try to use what you have at hand, and they were right to try that."" But, he acknowledged, ""from the cases we reviewed, almost all of the children died, and almost all of them had steroids."" Parents face anxious wait over mystery illness . ""I think we can close the case and move ahead asking different questions,"" Buchy said. ""Not what is the illness, but now, how long has the virus been circulating? What is the extent of the circulation of the virus? How many mild diseases are we missing? That's the next step."" Over the past four months, doctors at Kantha Bopha Children's Hospitals in Phnom Penh have been faced with the mysterious syndrome, which kills children so fast that nearly all of those infected with it die within a day or two of being admitted to the hospital. Dr. Beat Richner, head of the children's hospitals -- which cared for 66 patients affected by the illness, 64 of whom died -- said that no new cases of the illness had been confirmed since Saturday. Other hospitals in the country have reported similar cases, but far fewer than the children's hospitals in the capital, which are the most popular. In the last hours of their life, the children experienced a ""total destruction of the alveola(e) in the lungs,"" Richner said. Alveolae are the air sacs where oxygen enters the bloodstream. Most of the children who have contracted the illness have come from the south of the country, though health officials cannot find what is known as a cluster -- a lot of cases coming from one specific area. By June 29, the WHO had been contacted and Cambodian officials were scrambling to instruct health providers across the country to spread information about the illness as quickly as possible. Officials search for clues in disease killing Cambodia's children . The WHO and the Cambodian authorities' announcement of the situation drew criticism from Richner, who said they were ""causing unnecessary panic."" The WHO said the unexplained nature of the outbreak obliged it to communicate the information. Over the weekend, lab tests linked enterovirus 71 (EV71) to some of the cases. But the tests didn't solve the whole puzzle and health officials continued their investigations, noting the detection of other elements like streptococcus suis and dengue. The link to EV71 does not particularly help in the treatment of the illness, as there is no effective antiviral treatment for severe EV71 infections and no vaccine is available. In milder cases, EV71 can cause coldlike symptoms, diarrhea and sores on the hands, feet and mouth, according to the journal Genetic Vaccines and Therapy. But more severe cases can cause fluid to accumulate on the brain, resulting in polio-like paralysis and death. Outbreaks of the enterovirus ""occur periodically in the Asia-Pacific region,"" according to the CDC. Brunei had its first major outbreak in 2006. China had an outbreak in 2008. Adults' well-developed immune systems usually can fend off the virus, but children are vulnerable to it, according to the CDC. ""It looks like (EV71) has emerged strongly, probably because it hadn't circulated with the same intensity in the past years,"" Tarantola said. Reported cases of streptococcus suis have risen significantly in recent years, notably in Southeast Asia, according to a paper that appeared last year in Emerging Infectious Diseases, a journal published by the Centers for Disease Control and Prevention in Atlanta. The rainy season in Cambodia, which lasts from May to October, is a key problem in trying to control diseases like dengue. Because of a lack of indoor plumbing in many homes, people collect rainwater in vats, creating potential breeding grounds for mosquitoes. In Cambodia, as with many places around the world, parents first try treating their child at home. If that doesn't work, they typically then go to a local clinic. A hospital visit, which often involves a long trip, is a last resort. Mystery illness claiming dozens of lives . CNN's Sara Sidner and Tim Schwarz contributed to this report.","Doctors say the inappropriate use of steroids worsened many cases .
No new cases of the condition have been confirmed since last Saturday .
The pathogens include enterovirus 71, streptococcus suis and dengue .
Most of the patients have come from southern Cambodia .","The cause of a mysterious illness that has killed over 60 Cambodian children has been identified as a combination of pathogens, including enterovirus 71, streptococcus suis, and dengue, according to the World Health Organization (WHO) and the Cambodian Ministry of Health. Inappropriate use of steroids exacerbated the condition in most patients. Symptoms include severe fever, encephalitis, and breathing difficulties. Dr. Phillipe Buchy from the Institut Pasteur in Cambodia expressed confidence in solving the epidemic and suggested further investigation into virus circulation and mild cases. The illness predominantly affects children due to their underdeveloped immune systems. Despite lab tests linking enterovirus 71 to some cases, no effective antiviral treatment or vaccine is currently available. WHO's announcement drew criticism for causing panic, but officials defended it as necessary due to the outbreak's unexplained nature. Factors such as Cambodia's rainy season and home treatment practices complicate disease control efforts. No new cases have been confirmed since late June. CNN's Sara Sidner and Tim Schwarz contributed to this report.","The cause of a mysterious illness that has claimed the lives of more than 60 Cambodian children has been determined to be a combination of pathogens, including enterovirus 71, streptococcus suis, and dengue, according to the World Health Organization (WHO) and the Cambodian Ministry of Health. The inappropriate use of steroids worsened the illness in a majority of the patients. Symptoms include severe fever, encephalitis, and breathing difficulties. Dr. Phillipe Buchy from the Institut Pasteur in Cambodia expressed confidence in solving the epidemic and suggested further investigation into virus circulation and mild cases. Despite lab tests linking enterovirus 71 to some cases, no effective antiviral treatment or vaccine is currently available. WHO's announcement drew criticism for causing panic, but officials defended it as necessary due to the outbreak's unexplained nature. Factors such as Cambodia's rainy season and home treatment practices complicate disease control efforts. No new cases have been confirmed since late June. CNN's Sara Sidner and Tim Schwarz contributed to this report.",yes,no,No,No,No,
"In this task, you are given the abstract of a research paper. Your task is to generate a summary of this abstract. Your summary should not be very short, but it's better if it's not more than 30 words.
In this work, we first conduct mathematical analysis on the memory, which is
 defined as a function that maps an element in a sequence to the current output,
 of three RNN cells; namely, the simple recurrent neural network (SRN), the long
 short-term memory (LSTM) and the gated recurrent unit (GRU). Based on the
 analysis, we propose a new design, called the extended-long short-term memory
 (ELSTM), to extend the memory length of a cell. Next, we present a multi-task
 RNN model that is robust to previous erroneous predictions, called the dependent
 bidirectional recurrent neural network (DBRNN), for the sequence-in-sequenceout
 (SISO) problem. Finally, the performance of the DBRNN model with the
 ELSTM cell is demonstrated by experimental results.","In this work, we first conduct mathematical analysis on the memory, which is
 defined as a function that maps an element in a sequence to the current output,
 of three RNN cells; namely, the simple recurrent neural network (SRN), the long
 short-term memory (LSTM) and the gated recurrent unit (GRU). Based on the
 analysis, we propose a new design, called the extended-long short-term memory
 (ELSTM), to extend the memory length of a cell. Next, we present a multi-task
 RNN model that is robust to previous erroneous predictions, called the dependent
 bidirectional recurrent neural network (DBRNN), for the sequence-in-sequenceout
 (SISO) problem. Finally, the performance of the DBRNN model with the
 ELSTM cell is demonstrated by experimental results.",A recurrent neural network cell with extended-long short-term memory and a multi-task RNN model for sequence-in-sequence-out problems,"This paper analyzes the memory functions of SRN, LSTM, and GRU cells, proposes an Extended-LSTM (ELSTM) for longer memory, introduces a robust DBRNN model for SISO tasks, and demonstrates their combined performance through experiments.","This paper analyzes SRN, LSTM, and GRU memory functions, proposes ELSTM for extended memory, introduces DBRNN for robust SISO tasks, and demonstrates their performance through experiments.",yes,no,No,No,No,
"In this task, you are given the abstract of a research paper. Your task is to generate a summary of this abstract. Your summary should not be very short, but it's better if it's not more than 30 words.
Over the last decade, two competing control strategies have emerged for solving complex control tasks with high efficacy. Model-based control algorithms, such as model-predictive control (MPC) and trajectory optimization, peer into the gradients of underlying system dynamics in order to solve control tasks with high sample efficiency.   However, like all gradient-based numerical optimization methods,model-based control methods are sensitive to intializations and are prone to becoming trapped in local minima. Deep reinforcement learning (DRL), on the other hand, can somewhat alleviate these issues by exploring the solution space through sampling — at the expense of computational cost. In this paper, we present a hybrid method that combines the best aspects of gradient-based methods and DRL. We base our algorithm on the deep deterministic policy gradients (DDPG) algorithm and propose a simple modification that uses true gradients from a differentiable physical simulator to increase the convergence rate of both the actor and the critic.   We demonstrate our algorithm on seven 2D robot control tasks, with the most complex one being a differentiable half cheetah with hard contact constraints. Empirical results show that our method boosts the performance of DDPGwithout sacrificing its robustness to local minima.","Over the last decade, two competing control strategies have emerged for solving complex control tasks with high efficacy. Model-based control algorithms, such as model-predictive control (MPC) and trajectory optimization, peer into the gradients of underlying system dynamics in order to solve control tasks with high sample efficiency.   However, like all gradient-based numerical optimization methods,model-based control methods are sensitive to intializations and are prone to becoming trapped in local minima. Deep reinforcement learning (DRL), on the other hand, can somewhat alleviate these issues by exploring the solution space through sampling — at the expense of computational cost. In this paper, we present a hybrid method that combines the best aspects of gradient-based methods and DRL. We base our algorithm on the deep deterministic policy gradients (DDPG) algorithm and propose a simple modification that uses true gradients from a differentiable physical simulator to increase the convergence rate of both the actor and the critic.   We demonstrate our algorithm on seven 2D robot control tasks, with the most complex one being a differentiable half cheetah with hard contact constraints. Empirical results show that our method boosts the performance of DDPGwithout sacrificing its robustness to local minima.",We propose a novel method that leverages the gradients from differentiable simulators to improve the performance of RL for robotics control,"This paper introduces a hybrid method merging model-based control and deep reinforcement learning (DRL). By modifying DDPG with true gradients from a physical simulator, it accelerates convergence while maintaining robustness, outperforming DDPG in various 2D robot control tasks.","This paper introduces a hybrid method combining model-based control and DRL. It modifies DDPG using true gradients from a differentiable simulator, improving convergence and performance in 2D robot tasks without sacrificing robustness.",yes,no,No,No,No,
"In this task, you are given the abstract of a research paper. Your task is to generate a summary of this abstract. Your summary should not be very short, but it's better if it's not more than 30 words.
With the rapidly scaling up of deep neural networks (DNNs), extensive research studies on network model compression such as weight pruning have been performed for efficient deployment. This work aims to advance the compression beyond the weights to the activations of DNNs. We propose the Integral Pruning (IP) technique which integrates the activation pruning with the weight pruning. Through the learning on the different importance of neuron responses and connections, the generated network, namely IPnet, balances the sparsity between activations and weights and therefore further improves execution efficiency. The feasibility and effectiveness of IPnet are thoroughly evaluated through various network models with different activation functions and on different datasets. With <0.5% disturbance on the testing accuracy, IPnet saves 71.1% ~ 96.35% of computation cost, compared to the original dense models with up to 5.8x and 10x reductions in activation and weight numbers, respectively.","With the rapidly scaling up of deep neural networks (DNNs), extensive research studies on network model compression such as weight pruning have been performed for efficient deployment. This work aims to advance the compression beyond the weights to the activations of DNNs. We propose the Integral Pruning (IP) technique which integrates the activation pruning with the weight pruning. Through the learning on the different importance of neuron responses and connections, the generated network, namely IPnet, balances the sparsity between activations and weights and therefore further improves execution efficiency. The feasibility and effectiveness of IPnet are thoroughly evaluated through various network models with different activation functions and on different datasets. With <0.5% disturbance on the testing accuracy, IPnet saves 71.1% ~ 96.35% of computation cost, compared to the original dense models with up to 5.8x and 10x reductions in activation and weight numbers, respectively.",This work advances DNN compression beyond the weights to the activations by integrating the activation pruning with the weight pruning. ,"This paper introduces Integral Pruning (IP), a technique that combines activation and weight pruning in DNNs to enhance execution efficiency. IPnet, the resulting network, achieves significant computation cost savings with minimal accuracy loss across various models and datasets.","This paper introduces Integral Pruning (IP), which combines activation and weight pruning in DNNs. IPnet, the resulting network, achieves significant computation cost savings with minimal accuracy loss across various models and datasets.",yes,no,No,No,No,
"In this task, you're given a review from Amazon's food products. Your task is to generate a short summary of the given review in the input. Note that you don't need to write a complete sentence as a summary.
After a fairly decent experience with the grape version of this same candy, gave the lime flavor a go.  The flavor is fairly light and only a bit tart.  More like smarties than the intense sour flavor I'd have preferred.  Still, decent enough, and sugar free.","After a fairly decent experience with the grape version of this same candy, gave the lime flavor a go.  The flavor is fairly light and only a bit tart.  More like smarties than the intense sour flavor I'd have preferred.  Still, decent enough, and sugar free.","Light lime flavor, a little too light to be a favorite","Lime flavor is light and slightly tart, more like smarties. Decent sugar-free option but lacks intense sourness.","Lime flavor is light and slightly tart, more like smarties. Decent sugar-free option but lacks intense sourness.",yes,no,No,No,No,
"In this task, you're given a review from Amazon's food products. Your task is to generate a short summary of the given review in the input. Note that you don't need to write a complete sentence as a summary.
Best one in K cups todate not watery like several of the others I have tried. Will now join the subscribe and save group!<a href=""http://www.amazon.com/gp/product/B005K4Q64K"">Grove Square Hot Cocoa Cups Variety Pack, K-Cups for Keurig Brewers, 12-Count (Pack of 3)</a>","Best one in K cups todate not watery like several of the others I have tried. Will now join the subscribe and save group!<a href=""http://www.amazon.com/gp/product/B005K4Q64K"">Grove Square Hot Cocoa Cups Variety Pack, K-Cups for Keurig Brewers, 12-Count (Pack of 3)</a>",Yummy!!,"Best K-cup hot cocoa, not watery, subscribing for regular delivery.","Best K-cup hot cocoa, not watery like others, joining subscribe and save.",yes,no,No,Yes,No,
"In this task, you're given a review from Amazon's food products. Your task is to generate a short summary of the given review in the input. Note that you don't need to write a complete sentence as a summary.
Go ahead and drink the other brands served at your neighborhood cafe if you must but make sure you have a stash of Weaver's Peru Organic Whole Bean at home to serve up to your friends and family who deserve the best coffee.  And when you go back to that corner cafe where people drink average coffee because they don't know better, take along a travel mug filled with Weaver's coffee from home and enjoy a real Cup of Joe.  Er, Weaver's.","Go ahead and drink the other brands served at your neighborhood cafe if you must but make sure you have a stash of Weaver's Peru Organic Whole Bean at home to serve up to your friends and family who deserve the best coffee.  And when you go back to that corner cafe where people drink average coffee because they don't know better, take along a travel mug filled with Weaver's coffee from home and enjoy a real Cup of Joe.  Er, Weaver's.",Treat yourself to the best coffee!,"Comparison of Weaver's Peru Organic Whole Bean coffee to other brands, emphasizing its superiority and recommending it for serving to friends and family. Suggestion to bring a travel mug of Weaver's coffee to places with average coffee.","Weaver's Peru Organic Whole Bean coffee is superior to other brands, perfect for serving to friends and family. Bring a travel mug of Weaver's coffee to places with average coffee.",yes,no,No,No,No,
"In this task, you're given a review from Amazon's food products. Your task is to generate a short summary of the given review in the input. Note that you don't need to write a complete sentence as a summary.
I fully agree with the last few reviews. Altoids were ruined when they started adding food coloring. Wintergreen Altoids are horrible now. These were the ONLY mints I would buy, but I won't be buying them any more.  FAKE SUGAR, FAKE FLAVOR, FAKE COLOR = NO DEAL","I fully agree with the last few reviews. Altoids were ruined when they started adding food coloring. Wintergreen Altoids are horrible now. These were the ONLY mints I would buy, but I won't be buying them any more.  FAKE SUGAR, FAKE FLAVOR, FAKE COLOR = NO DEAL",RUINED - DISGUSTING,"Altoids quality declined due to added food coloring, fake sugar, and flavor; wintergreen ones are now bad.","Altoids quality declined with added food coloring, artificial sugar, and flavor; wintergreen mints are now unsatisfactory.",yes,no,No,No,No,
"In this task, you're given a review from Amazon's food products. Your task is to generate a short summary of the given review in the input. Note that you don't need to write a complete sentence as a summary.
I've blended this with a darker full-caf Melitta coffee and LOVE the results.  The fine grinding is a tad small for the french press I use, but the taste is wonderful.  I was a little concerned at the darkness variation in the two when I decided to blend, but the outcome was fine.  The only real complaint I have is the packaging. Cheap glue on the metal fold-down part causes it to fall off (true for both bags I received), so don't rely on that.  Otherwise, a delicious coffee that is mellow in taste the way I choose to prepare it.","I've blended this with a darker full-caf Melitta coffee and LOVE the results.  The fine grinding is a tad small for the french press I use, but the taste is wonderful.  I was a little concerned at the darkness variation in the two when I decided to blend, but the outcome was fine.  The only real complaint I have is the packaging. Cheap glue on the metal fold-down part causes it to fall off (true for both bags I received), so don't rely on that.  Otherwise, a delicious coffee that is mellow in taste the way I choose to prepare it.",Good for Half-Caf Blending,"Blended with Melitta coffee, taste is wonderful but grind is too fine for French press. Packaging issue with glue causing fold-down part to fall off. Delicious and mellow when prepared as preferred.","Blended with Melitta coffee, wonderful taste but grind is too fine for French press. Packaging issue with glue causing fold-down part to fall off. Delicious and mellow when prepared as preferred.",yes,no,No,Yes,No,
"In this task, you're given a review from Amazon's food products. Your task is to generate a short summary of the given review in the input. Note that you don't need to write a complete sentence as a summary.
Salt and Vinegar and BBQ rock!  Plain were OK....Didn't really care for Cheddar.  Nice to start w/a variety pack to find the ones you prefer.",Salt and Vinegar and BBQ rock!  Plain were OK....Didn't really care for Cheddar.  Nice to start w/a variety pack to find the ones you prefer.,Salt and Vinegar and BBQ rock!,"Salt and Vinegar and BBQ are the best, Plain is okay, Cheddar is not liked, Variety pack is a good start.","Salt and Vinegar and BBQ are great, Plain is okay, Cheddar is not preferred, Variety pack helps find favorites.",yes,no,No,Yes,No,
"In this task, you're given a review from Amazon's food products. Your task is to generate a short summary of the given review in the input. Note that you don't need to write a complete sentence as a summary.
The product image is misleading. The image has the tomatoes as D.O.P. certified, but the tomatoes I received are not....","The product image is misleading. The image has the tomatoes as D.O.P. certified, but the tomatoes I received are not....",D.O.P? Not really....,"Product image misleading, tomatoes not D.O.P. certified as shown.","Product image misleading, tomatoes not D.O.P. certified as shown.",yes,no,No,No,No,
"In this task, you're given a review from Amazon's food products. Your task is to generate a short summary of the given review in the input. Note that you don't need to write a complete sentence as a summary.
These are the typical rawhides wrapped with chicken, and seem slightly higher quality than the kind you get at the dollar store.  But they really skimp on the chicken, so you it's mainly a rawhide twist with a shred of chicken on it.  My dogs go crazy when I give them one but their enthusiasm diminishes when the chicken's gone and with these treats, the chicken vanishes FAST (and my dogs are TINY). So they're great if your dogs loves rawhides and would enjoy the extra zip of chicken flavor but if your dog gets bored with plain rawhide, the joys of this treat will be over in a few seconds.  I'll be looking for a brand that delivers a meatier product.","These are the typical rawhides wrapped with chicken, and seem slightly higher quality than the kind you get at the dollar store.  But they really skimp on the chicken, so you it's mainly a rawhide twist with a shred of chicken on it.  My dogs go crazy when I give them one but their enthusiasm diminishes when the chicken's gone and with these treats, the chicken vanishes FAST (and my dogs are TINY). So they're great if your dogs loves rawhides and would enjoy the extra zip of chicken flavor but if your dog gets bored with plain rawhide, the joys of this treat will be over in a few seconds.  I'll be looking for a brand that delivers a meatier product.",Skimps on chicken,"Rawhides wrapped with chicken, higher quality than dollar store ones, but minimal chicken. Dogs love it initially, but enthusiasm fades once the chicken is gone. Good for dogs that like rawhides with chicken flavor, but not for those who get bored with plain rawhide. Searching for a meatier brand.","Rawhides wrapped with chicken, slightly higher quality than dollar store. Minimal chicken, dogs love initially but lose interest after chicken is gone. Suitable for rawhide-loving dogs, not for those who get bored with plain rawhide. Seeking a meatier brand.",yes,no,No,No,No,
"In this task, you're given reviews from Amazon's products. Your task is to generate the Summary of the review.
After reading the many positive reviews and seeing the Amazon Choice badge i was ready to receive a competitive priced, well functioning product. Unfortunately this item did live up to the reviews. The issue for me was that the phone app, set up process, instructions were all very confusing. After trying for about 2 hours to set up the device I gave up. I was unable to get the device to connect to my wi-fi network. I will say that I am a pretty tech savvy individual and have many electronics and smart things around my home, so I didn't give up with out trying multiple different options and reading a handful of suggestions online. I even fooled with my routers settings, and wi-fi network. I do have a Apple Airport Extreme Router, so I am not sure if that is where the problems stemmed from. If that is the case though, then this product should note that it is not compatible with certain types of routers.","After reading the many positive reviews and seeing the Amazon Choice badge i was ready to receive a competitive priced, well functioning product. Unfortunately this item did live up to the reviews. The issue for me was that the phone app, set up process, instructions were all very confusing. After trying for about 2 hours to set up the device I gave up. I was unable to get the device to connect to my wi-fi network. I will say that I am a pretty tech savvy individual and have many electronics and smart things around my home, so I didn't give up with out trying multiple different options and reading a handful of suggestions online. I even fooled with my routers settings, and wi-fi network. I do have a Apple Airport Extreme Router, so I am not sure if that is where the problems stemmed from. If that is the case though, then this product should note that it is not compatible with certain types of routers.",May not work with certain wi-fi routers and difficult to set up.,"** The customer expected a well-functioning product based on positive reviews and the Amazon Choice badge but was disappointed due to issues with the phone app, setup process, and unclear instructions. Despite being tech-savvy, they were unable to connect the device to their Wi-Fi network after multiple attempts and adjustments, including modifying router settings. They suspect compatibility issues with their Apple Airport Extreme Router and suggest the product should clarify any router incompatibilities.","The customer expected a well-functioning product based on positive reviews and the Amazon Choice badge but was disappointed due to issues with the phone app, setup process, and unclear instructions. Despite being tech-savvy, they were unable to connect the device to their Wi-Fi network after multiple attempts and adjustments, including modifying router settings. They suspect compatibility issues with their Apple Airport Extreme Router and suggest the product should clarify any router incompatibilities.",yes,no,No,No,No,
"In this task, you're given reviews from Amazon's products. Your task is to generate the Summary of the review.
I live in Westchester county ny and in my apartment I did not get a good reception of only a few channels... reason enough to return this antenna.",I live in Westchester county ny and in my apartment I did not get a good reception of only a few channels... reason enough to return this antenna.,... and in my apartment I did not get a good reception of only a few channels,"The customer experienced poor reception with only a few channels in their Westchester County, NY apartment, leading to the decision to return the antenna.","The customer experienced poor reception with only a few channels in their Westchester County, NY apartment, leading to the decision to return the antenna.",yes,no,No,No,No,
"In this task, you're given reviews from Amazon's products. Your task is to generate the Summary of the review.
Incorrect clips were sent with the rod. Ordered peg support clips and received the screw in peg clips. Had to reorder the correct clips, job delayed by a week.","Incorrect clips were sent with the rod. Ordered peg support clips and received the screw in peg clips. Had to reorder the correct clips, job delayed by a week.",Incorrect clips were sent with the rod. Ordered peg ...,"The customer received incorrect clips with their order, resulting in a delayed project and the need to reorder the correct peg support clips.","The customer received incorrect clips with their order, specifically screw-in peg clips instead of the ordered peg support clips, causing a one-week delay in the project and necessitating a reorder.",yes,no,No,No,No,
"In this task, you're given reviews from Amazon's products. Your task is to generate the Summary of the review.
Item didn't arrive. They sent replacement. Now they are saying I didn't RETURN item. How do I return something that didn't arrive?",Item didn't arrive. They sent replacement. Now they are saying I didn't RETURN item. How do I return something that didn't arrive?,Item didn't arrive. They sent replacement. Now they are saying I didn't RETURN item.,"Customer received a replacement for an item that never arrived but is now being asked to return the original item, which they never received.","Customer received a replacement for an item that never arrived but is now being asked to return the original item, which they never received.",yes,no,No,No,No,
"In this task, you're given reviews from Amazon's products. Your task is to generate the Summary of the review.
It's nice that it came with all of the pieces of wood and the pencils but it's very irritating that you can't control temperature. The pen gets too hot to handle after about ten minutes, so an hour long project can take more like 6 hours if you're not in the mood to get third degree burns on your hands.","It's nice that it came with all of the pieces of wood and the pencils but it's very irritating that you can't control temperature. The pen gets too hot to handle after about ten minutes, so an hour long project can take more like 6 hours if you're not in the mood to get third degree burns on your hands.",Cheap. Spend the extra $10 and get one that doesn't suck.,"The product includes wood pieces and pencils, but the inability to control temperature is frustrating. The pen becomes too hot to handle after ten minutes, significantly slowing down projects and risking burns.","The product includes wood pieces and pencils, but the lack of temperature control is irritating. The pen becomes too hot to handle after ten minutes, making hour-long projects take much longer and risking burns.",yes,no,No,No,No,
"In this task, you're given reviews from Amazon's products. Your task is to generate the Summary of the review.
Piece of crap. when trying to pick a pet every button did the same thing and no way to pick a pet.",Piece of crap. when trying to pick a pet every button did the same thing and no way to pick a pet.,Piece of crap. when trying to pick a pet every button ...,"The product failed to allow the user to select a pet, as all buttons performed the same function, resulting in a frustrating experience.","The product did not allow the user to select a pet, as all buttons performed the same function.",yes,no,No,No,No,
"In this task, you're given reviews from Amazon's products. Your task is to generate the Summary of the review.
Printed on laser printer twice and came out horribly twice. First attempt: Ink didn't adhere to the sticker and when you rub on it it would just come right off so forget water resistance. Second attempt was even worse, not only did ink not adhere, the sticker warped. Don't waste your time, your ink or your money, for a dollar a sheet, this product beyond sucks! Now i have to make sure my printer is ok.","Printed on laser printer twice and came out horribly twice. First attempt: Ink didn't adhere to the sticker and when you rub on it it would just come right off so forget water resistance. Second attempt was even worse, not only did ink not adhere, the sticker warped. Don't waste your time, your ink or your money, for a dollar a sheet, this product beyond sucks! Now i have to make sure my printer is ok.",Just Horrible - At least doesn't work on laser printer,"** The reviewer had a negative experience printing on these stickers using a laser printer. The ink did not adhere properly, lacked water resistance, and caused the sticker to warp in the second attempt. They found the product to be a waste of time, money, and resources, and now they are concerned about their printer's functionality.","** The reviewer had a negative experience printing on these stickers using a laser printer. The ink did not adhere properly, and when rubbed, it came off easily, lacking water resistance. In the second attempt, the ink adherence was worse, and the sticker warped. The reviewer advises against wasting time, money, and ink on this product, despite its low cost, and now questions if their printer is functioning correctly.",yes,no,No,No,No,
"The input is a conversation between an automated system and a user looking for suggestions for pubs, restaurants and coffee shops in Cambridge. In the dialogue, the user may provide some criteria for the type of place they want such as price range, cuisine, etc. Similarly, the user may ask details of the place suggested by the system such as phone number, address, etc. Given such a dialogue, output a summary of the dialogue stating the criteria provided and details seeked by the user in this dialogue. The summary should strictly be in second person point of view. The summary should not contain any information that was not present in the conversation.
System: 'Thank you for calling the Cambridge Information system. Your call will be recorded for research purposes. You may ask for information about a place to eat, such as a restaurant, a pub, or a cafe. How may I help you?'
User: 'i want to find a free restaurant and i dont care about the restaurant'
System: 'What type of food would you like? For example, French, Thai, or Traditional.'
User: 'i dont care'
System: 'The Michaelhouse Centre, which doesn't charge any entrance fee, is a great restaurant.'
User: 'what is the address'
System: 'The Michaelhouse Centre is on Michaelhouse, Trinity Street.'
User: 'what is the postcode'
System: 'The Michaelhouse Centre is in the area with the postcode CB2 1SU.'
User: 'thank you good bye'
","System: 'Thank you for calling the Cambridge Information system. Your call will be recorded for research purposes. You may ask for information about a place to eat, such as a restaurant, a pub, or a cafe. How may I help you?'
User: 'i want to find a free restaurant and i dont care about the restaurant'
System: 'What type of food would you like? For example, French, Thai, or Traditional.'
User: 'i dont care'
System: 'The Michaelhouse Centre, which doesn't charge any entrance fee, is a great restaurant.'
User: 'what is the address'
System: 'The Michaelhouse Centre is on Michaelhouse, Trinity Street.'
User: 'what is the postcode'
System: 'The Michaelhouse Centre is in the area with the postcode CB2 1SU.'
User: 'thank you good bye'
",You want to find a free restaurant. You don't care about the area. You want to know the address and postcode of the venue.,"You were looking for a free restaurant in Cambridge and did not specify any particular type of cuisine or other preferences. You asked for the address and postcode of the suggested restaurant, The Michaelhouse Centre, which is located on Michaelhouse, Trinity Street, with the postcode CB2 1SU.","You were looking for a free restaurant in Cambridge and did not specify any particular type of cuisine or other preferences. You asked for the address and postcode of the suggested restaurant, The Michaelhouse Centre, which is located on Michaelhouse, Trinity Street, with the postcode CB2 1SU.",yes,no,No,No,No,
"The input is a conversation between an automated system and a user looking for suggestions for pubs, restaurants and coffee shops in Cambridge. In the dialogue, the user may provide some criteria for the type of place they want such as price range, cuisine, etc. Similarly, the user may ask details of the place suggested by the system such as phone number, address, etc. Given such a dialogue, output a summary of the dialogue stating the criteria provided and details seeked by the user in this dialogue. The summary should strictly be in second person point of view. The summary should not contain any information that was not present in the conversation.
System: 'Thank you for calling the Cambridge Information system. Your call will be recorded for research purposes. You may ask for information about a place to eat, such as a restaurant, a pub, or a cafe. How may I help you?'
User: 'i want to find a mexican restaurant'
System: 'Are you looking for somewhere near a particular venue? For example, the Technology Museum, the Gallery at twelve A High Street, or Williams Art and Antiques.'
User: 'it doesnt matter'
System: 'Nanna Mexico, which serves mexican and tex mex food, is a great restaurant.'
User: 'can i get the phone number'
System: 'The phone number of Nanna Mexico is 01223902150.'
User: 'what is the postcode of the restaurant'
System: 'Nanna Mexico is in the area with the postcode CB2 1AB.'
User: 'thank you good bye'
","System: 'Thank you for calling the Cambridge Information system. Your call will be recorded for research purposes. You may ask for information about a place to eat, such as a restaurant, a pub, or a cafe. How may I help you?'
User: 'i want to find a mexican restaurant'
System: 'Are you looking for somewhere near a particular venue? For example, the Technology Museum, the Gallery at twelve A High Street, or Williams Art and Antiques.'
User: 'it doesnt matter'
System: 'Nanna Mexico, which serves mexican and tex mex food, is a great restaurant.'
User: 'can i get the phone number'
System: 'The phone number of Nanna Mexico is 01223902150.'
User: 'what is the postcode of the restaurant'
System: 'Nanna Mexico is in the area with the postcode CB2 1AB.'
User: 'thank you good bye'
",You want to find a Mexian/Tex-Mex restaurant. You don't care about the price range. You want to know the phone number and postcode of the venue.,"You were looking for a Mexican restaurant in Cambridge and did not specify any particular location preference. The system suggested Nanna Mexico, which serves Mexican and Tex-Mex food. You asked for the phone number of the restaurant, which is 01223902150, and the postcode, which is CB2 1AB.","You were looking for a Mexican restaurant in Cambridge and did not specify any particular location preference. The system suggested Nanna Mexico, which serves Mexican and Tex-Mex food. You asked for the phone number of the restaurant, which is 01223902150, and the postcode, which is CB2 1AB.",yes,no,No,No,No,
"Your task is to extract the thesis of an opinionated news article by selecting some of its text segments. The thesis is a summarization of what the author wants to persuade the reader of. Your answer should consist of segments of the given text. Note that you are not allowed to combine different sentences.
Diversity among police officers is key, but it won't solve the problems with policing. In Ferguson, Missouri, 50 of the 53 police officers are white in a city that is two-thirds African American . In Connecticut's state capital, Hartford, 66% of the police department is white but only 16% of the residents are . And these are just two examples: despite progress over the past 50 years, many police departments remain predominantly white in cities and towns where the majority of the population is nonwhite . There are some important exceptions to the disparity pattern . Several big city police departments are majority-black or majority-Hispanic (Atlanta, Birmingham, Detroit, Washington, Miami, Santa Fe and El Paso, for instance) , while others (such as Chicago) are so diverse that no single group comprises the majority . Yet for many other cities, the gap between the complexion of the police department and the local population is huge . Why does this matter? Do police officers of different racial and ethnic backgrounds act differently while on the job? Do they have different kinds of relationships with minority communities? Aren't all officers trained to do their jobs similarly and to treat all civilians the same regardless of race? Research shows that, in general in the US, there is not a strong correlation, let alone a causal relationship, between an officer's race and how officers treat members of the public when they respond to calls from civilians or stop and question them on the streets Statistics are, of course, not predictive of individual behavior , and studies of specific departments or communities vary . A 2004 study in Indianapolis (Indiana) and St  Petersburg (Florida) by Ivan Sun and Brian Payne, for example, found that black officers were more likely than white officers working in black neighborhoods to provide information, referrals to other agencies, and to treat residents respectfully , although the black officers were also more likely to use physical force against citizens in conflict situations . But ,  again, most studies find similarities overall in police behavior irrespective of officers' racial background . Shared training in the academy, as well as on-the-job socialization by fellow officers, results in more similarities than differences among officers when it comes to their policing activities, including similarities in how officers of all races treat white versus non-white citizens . So we should not view racial diversification on the force as a panacea for improving police treatment of minorities : instead if minority officers adopt majority attitudes about those they serve and protect , it might hardly help at all . A 2008 study in Baltimore, Maryland by Peter Moskos documented precisely this shared mentality among both white and black officers . But it can pay major dividends in other ways . In one poll of 1,791 Americans that I and a colleague conducted for our book, Race and Policing in America, more than 70% of blacks, Hispanics and whites in the United States believed that a city's police department should have a similar racial composition to the city . The same study found that very few blacks and Hispanics (only 5%) want most officers who work in their neighborhoods to be exclusively of the same race as the residents , and instead most people prefer to see racially- mixed teams of officers patrolling their streets . . Importantly, such diversity can help to build trust and confidence in the police : the more a police department reflects the composition of the local population, the higher the department's reputation among residents , which can provide a foundation to build further trust, coupled with other needed reforms . It also helps, in majority-black or majority-Hispanic cities, if the chief of police comes from that community as well because, as the public face of the department, he or she can allay suspicions when controversial incidents occur in a way that white police chiefs may not be able to do . A diverse police force can also help to decrease the sense that individuals are being stopped and questioned solely because of their race . This clearly applies when the officers and citizens are of the same race , but even encounters between white officers and minority citizens may be perceived as less racialized when the department has a critical mass of minority officers . A representative police force can, in other words, have symbolic benefits that enhance the overall status of a police department and also reduce the perception that actions, such as stops or searches, are based on racial profiling . Most police chiefs realize the advantages of a department that represents the local community , but there are big challenges in recruiting more minority officers . Many Hispanics and African Americans are reluctant to consider a career in law enforcement - not surprising, given the history of policing in America coupled with more recent events . Highly-publicized incidents like the killing of Michael Brown in Ferguson and Eric Garner in New York only make it more difficult for police departments to recruit minority officers . Recruiters can have some success, however, if they broaden their outreach efforts to include churches and community centers - and if there are pre- existing positive relationships between the police and residents in those minority neighborhoods where community policing has already taken root , which can be built on . Although troubled interactions between minorities and police garner most of the headlines, there are neighborhoods in American cities where working-class and middle-class black and Hispanic residents - including youths - have better relationships with the authorities than on average, as I found in a study of Washington DC neighborhoods . It is in these communities that the police can enhance their recruitment efforts and achieve at least some success . Racial diversification is one crucial ingredient in a larger program of reform that is required to improve police departments throughout the country . A representative police force is not a panacea - but it is a positive reform, and an achievable one .","Diversity among police officers is key, but it won't solve the problems with policing. In Ferguson, Missouri, 50 of the 53 police officers are white in a city that is two-thirds African American . In Connecticut's state capital, Hartford, 66% of the police department is white but only 16% of the residents are . And these are just two examples: despite progress over the past 50 years, many police departments remain predominantly white in cities and towns where the majority of the population is nonwhite . There are some important exceptions to the disparity pattern . Several big city police departments are majority-black or majority-Hispanic (Atlanta, Birmingham, Detroit, Washington, Miami, Santa Fe and El Paso, for instance) , while others (such as Chicago) are so diverse that no single group comprises the majority . Yet for many other cities, the gap between the complexion of the police department and the local population is huge . Why does this matter? Do police officers of different racial and ethnic backgrounds act differently while on the job? Do they have different kinds of relationships with minority communities? Aren't all officers trained to do their jobs similarly and to treat all civilians the same regardless of race? Research shows that, in general in the US, there is not a strong correlation, let alone a causal relationship, between an officer's race and how officers treat members of the public when they respond to calls from civilians or stop and question them on the streets Statistics are, of course, not predictive of individual behavior , and studies of specific departments or communities vary . A 2004 study in Indianapolis (Indiana) and St  Petersburg (Florida) by Ivan Sun and Brian Payne, for example, found that black officers were more likely than white officers working in black neighborhoods to provide information, referrals to other agencies, and to treat residents respectfully , although the black officers were also more likely to use physical force against citizens in conflict situations . But ,  again, most studies find similarities overall in police behavior irrespective of officers' racial background . Shared training in the academy, as well as on-the-job socialization by fellow officers, results in more similarities than differences among officers when it comes to their policing activities, including similarities in how officers of all races treat white versus non-white citizens . So we should not view racial diversification on the force as a panacea for improving police treatment of minorities : instead if minority officers adopt majority attitudes about those they serve and protect , it might hardly help at all . A 2008 study in Baltimore, Maryland by Peter Moskos documented precisely this shared mentality among both white and black officers . But it can pay major dividends in other ways . In one poll of 1,791 Americans that I and a colleague conducted for our book, Race and Policing in America, more than 70% of blacks, Hispanics and whites in the United States believed that a city's police department should have a similar racial composition to the city . The same study found that very few blacks and Hispanics (only 5%) want most officers who work in their neighborhoods to be exclusively of the same race as the residents , and instead most people prefer to see racially- mixed teams of officers patrolling their streets . . Importantly, such diversity can help to build trust and confidence in the police : the more a police department reflects the composition of the local population, the higher the department's reputation among residents , which can provide a foundation to build further trust, coupled with other needed reforms . It also helps, in majority-black or majority-Hispanic cities, if the chief of police comes from that community as well because, as the public face of the department, he or she can allay suspicions when controversial incidents occur in a way that white police chiefs may not be able to do . A diverse police force can also help to decrease the sense that individuals are being stopped and questioned solely because of their race . This clearly applies when the officers and citizens are of the same race , but even encounters between white officers and minority citizens may be perceived as less racialized when the department has a critical mass of minority officers . A representative police force can, in other words, have symbolic benefits that enhance the overall status of a police department and also reduce the perception that actions, such as stops or searches, are based on racial profiling . Most police chiefs realize the advantages of a department that represents the local community , but there are big challenges in recruiting more minority officers . Many Hispanics and African Americans are reluctant to consider a career in law enforcement - not surprising, given the history of policing in America coupled with more recent events . Highly-publicized incidents like the killing of Michael Brown in Ferguson and Eric Garner in New York only make it more difficult for police departments to recruit minority officers . Recruiters can have some success, however, if they broaden their outreach efforts to include churches and community centers - and if there are pre- existing positive relationships between the police and residents in those minority neighborhoods where community policing has already taken root , which can be built on . Although troubled interactions between minorities and police garner most of the headlines, there are neighborhoods in American cities where working-class and middle-class black and Hispanic residents - including youths - have better relationships with the authorities than on average, as I found in a study of Washington DC neighborhoods . It is in these communities that the police can enhance their recruitment efforts and achieve at least some success . Racial diversification is one crucial ingredient in a larger program of reform that is required to improve police departments throughout the country . A representative police force is not a panacea - but it is a positive reform, and an achievable one .",So we should not view racial diversification on the force as a panacea for improving police treatment of minorities,"""Diversity among police officers is key, but it won't solve the problems with policing.""

""A representative police force can, in other words, have symbolic benefits that enhance the overall status of a police department and also reduce the perception that actions, such as stops or searches, are based on racial profiling.""

""Racial diversification is one crucial ingredient in a larger program of reform that is required to improve police departments throughout the country. A representative police force is not a panacea - but it is a positive reform, and an achievable one.""","Diversity among police officers is key, but it won't solve the problems with policing.

Racial diversification is one crucial ingredient in a larger program of reform that is required to improve police departments throughout the country. A representative police force is not a panacea - but it is a positive reform, and an achievable one.",yes,no,No,No,No,
"Your task is to extract the thesis of an opinionated news article by selecting some of its text segments. The thesis is a summarization of what the author wants to persuade the reader of. Your answer should consist of segments of the given text. Note that you are not allowed to combine different sentences.
Iran: A not so unlikely ally. Following the reports of Iranian aircraft attacking ISIL targets last week, Iranian and US officials issued statements to emphasise that they are not coordinating their air strikes . Despite these denials, there is an ironic element to this strike that both sides cannot deny . The Islamic Republic of Iran used US-produced, Vietnam-era F-4 Phantom aircraft against a common foe, ISIL . Contextualising these Iranian air strikes within the greater history of how these planes ended up in the Iranian air force in the first place demonstrates a geostrategic reality for US foreign policy : Iran's geographical depth means the US has needed Iran during both the Cold War and post-Cold War era, regardless of the government in Tehran . The Islamic Republic's fleet of F-4s and F-14s were inherited from the Royal Iranian Air Force of Shah Mohammed Reza Pahlavi . Iran under the shah was one of the few US allies that could purchase the advanced F-14 Tomcat interceptor of ""Top Gun"" fame, with one of the most sophisticated radars at the time . The shah's shopping list of US-supplied aircraft boosted the economy of the US defence industry, as well as served US geopolitical interests during the Cold War . Iran's advanced military allowed it to emerge as a regional hegemon . Since it shared a long border with the Soviet Union , the shah's armed forces served as a bulwark against Communist penetration in the Middle East and the oil-rich Gulf region, and a deterrent against an anti-western Baathist Iraq . Iran's geostrategic location has not diminished as a result of the collapse of the Soviet Union . No US or NATO ally, including Israel, Turkey or Saudi Arabia can cover Iran's geographical depth . Iran's location means it can influence events from Iraq to the Gulf, from the Caucasus and adjoining Caspian and Black Seas to Central Asia, and from Afghanistan to South Asia . Video footage . The video footage released by Al Jazeera of Iranian F-4s attacking ISIL forces in Iraq's Diyala province is reminiscent of another attack when two of the same US-supplied Iranian aircraft bombed Iraq's nuclear facility in Tuwaitha in 1980, during the first year of the Iran-Iraq War . In this first air strike, the US and the Islamic Republic shared the same interests, albeit for different purposes . The Islamic Republic feared Iraq could develop a nuclear option as it fought a two-front war for its survival, including a domestic Iranian Kurdish uprising, and a potential pro-shah counterrevolution launched from within the Iranian air force - the same unit that was needed to target Iraq . The US, despite its tensions with Iran during the hostage crisis, did not want to see Iraq develop a nuclear capability that could threaten its ally Israel during the 1980s . Israel successfully followed up the attack against Iraq's nuclear facility in 1981 , and the US-led air strikes during the 1991 Gulf war were designed to destroy this nuclear infrastructure again , which had been rebuilt despite the Israeli air raid . Thus the air raid Iran conducted against ISIL was not the first time both Washington and the Islamic Republic might have both wished for a successful sortie of Iranian F-4 pilots . Despite this common interest during the Iran-Iraq War, the US titled towards Iraq and directly engaged Iranian naval forces in the Gulf to protect Kuwaiti oil vessels, downing an Iranian civilian aircraft in the process . Iran fought a proxy war against US forces in Iraq following the 2003 Iraq war by supporting Iraqi militias during the insurgency . Both the US and Iran will continue to clash over their respective relationships with Israel . Yet despite these differences both the US and Iran cooperated with each other to remove the Taliban in Afghanistan in 2001 . The joint cause against the Taliban in 2001, or ISIL in 2014, demonstrates that despite the decades-long mistrust and proxy conflicts between the two sides, geographical realpolitik can force both states to engage in alliances of convenience . In an AP interview, the new US ambassador in Baghdad, Stuart Jones said,""Let's face it. Iran is an important neighbour to Iraq. There has to be cooperation between Iran and Iraq."" Such a statement is significant . The Iranian government has been trying to force the US to concede this geographic fact since 2003 . Indirect evidence . This statement serves as indirect evidence that the US and Iran appear to have worked out a modus vivendi in dealing with ISIL in Iraq . Yet when Al Jazeera released the video of the air strike, the Iranian government initially denied the report, only to confirm it days later, adding the caveat that it was launched at the behest of the central government in Iraq . The initial denial raises the question as to whether Iran did not want to upset this alliance of convenience with US by launching its own air strikes . In this case, rather than upsetting the US, both the Iranian and Iraqi governments probably wanted to keep this air strike quiet for domestic Iraqi politics . The close cooperation between the post-2003 Iraqi government and Iran has been criticised by critics within Iraq over the last decade as a surrender of Baghdad to ""Safavis"", a reference to the 16th century Shia dynasty in Iran that tried to secure what is today Iraq from the Ottomans . This footage, along with pictures of Qassim Soleimani, the head of the Iranian Quds Force, training Iraqi forces on Iranian equipment used by both the Iraqi military and Shia militias, have only alienated Iraq's disenfranchised communities with whom Baghdad needs to ultimately reconcile . This modus vivendi over Iraq will hinge on the future of the ongoing nuclear negotiations and the Syrian civil war . But in both cases, there could be an endgame that resolves the mutual antagonisms between Iran and the US . Media coverage acknowledges that despite Iranian-US cooperation in Iraq, they still support rival sides in the Syrian civil war . However ,  even in that conflict, they do share a mutual desire for that conflict to end with a political solution . Such a solution will save Iran from the huge financial costs of subsidising the Syrian military and end a conflict that the US has been hesitant to engage in since its onset in the summer of 2011 . Al Jazeera's correspondent in Iraq, Imran Khan, in an article in November raised the question: Are the US and Iran on the same side in Iraq? The answer to this question is not only a ""yes"" in Iraq, but could also be a ""yes"" in terms of the long-term stability of Syria and Afghanistan . It is domestic politics in both the US and Iran that prevent any official from saying this publicly .","Iran: A not so unlikely ally. Following the reports of Iranian aircraft attacking ISIL targets last week, Iranian and US officials issued statements to emphasise that they are not coordinating their air strikes . Despite these denials, there is an ironic element to this strike that both sides cannot deny . The Islamic Republic of Iran used US-produced, Vietnam-era F-4 Phantom aircraft against a common foe, ISIL . Contextualising these Iranian air strikes within the greater history of how these planes ended up in the Iranian air force in the first place demonstrates a geostrategic reality for US foreign policy : Iran's geographical depth means the US has needed Iran during both the Cold War and post-Cold War era, regardless of the government in Tehran . The Islamic Republic's fleet of F-4s and F-14s were inherited from the Royal Iranian Air Force of Shah Mohammed Reza Pahlavi . Iran under the shah was one of the few US allies that could purchase the advanced F-14 Tomcat interceptor of ""Top Gun"" fame, with one of the most sophisticated radars at the time . The shah's shopping list of US-supplied aircraft boosted the economy of the US defence industry, as well as served US geopolitical interests during the Cold War . Iran's advanced military allowed it to emerge as a regional hegemon . Since it shared a long border with the Soviet Union , the shah's armed forces served as a bulwark against Communist penetration in the Middle East and the oil-rich Gulf region, and a deterrent against an anti-western Baathist Iraq . Iran's geostrategic location has not diminished as a result of the collapse of the Soviet Union . No US or NATO ally, including Israel, Turkey or Saudi Arabia can cover Iran's geographical depth . Iran's location means it can influence events from Iraq to the Gulf, from the Caucasus and adjoining Caspian and Black Seas to Central Asia, and from Afghanistan to South Asia . Video footage . The video footage released by Al Jazeera of Iranian F-4s attacking ISIL forces in Iraq's Diyala province is reminiscent of another attack when two of the same US-supplied Iranian aircraft bombed Iraq's nuclear facility in Tuwaitha in 1980, during the first year of the Iran-Iraq War . In this first air strike, the US and the Islamic Republic shared the same interests, albeit for different purposes . The Islamic Republic feared Iraq could develop a nuclear option as it fought a two-front war for its survival, including a domestic Iranian Kurdish uprising, and a potential pro-shah counterrevolution launched from within the Iranian air force - the same unit that was needed to target Iraq . The US, despite its tensions with Iran during the hostage crisis, did not want to see Iraq develop a nuclear capability that could threaten its ally Israel during the 1980s . Israel successfully followed up the attack against Iraq's nuclear facility in 1981 , and the US-led air strikes during the 1991 Gulf war were designed to destroy this nuclear infrastructure again , which had been rebuilt despite the Israeli air raid . Thus the air raid Iran conducted against ISIL was not the first time both Washington and the Islamic Republic might have both wished for a successful sortie of Iranian F-4 pilots . Despite this common interest during the Iran-Iraq War, the US titled towards Iraq and directly engaged Iranian naval forces in the Gulf to protect Kuwaiti oil vessels, downing an Iranian civilian aircraft in the process . Iran fought a proxy war against US forces in Iraq following the 2003 Iraq war by supporting Iraqi militias during the insurgency . Both the US and Iran will continue to clash over their respective relationships with Israel . Yet despite these differences both the US and Iran cooperated with each other to remove the Taliban in Afghanistan in 2001 . The joint cause against the Taliban in 2001, or ISIL in 2014, demonstrates that despite the decades-long mistrust and proxy conflicts between the two sides, geographical realpolitik can force both states to engage in alliances of convenience . In an AP interview, the new US ambassador in Baghdad, Stuart Jones said,""Let's face it. Iran is an important neighbour to Iraq. There has to be cooperation between Iran and Iraq."" Such a statement is significant . The Iranian government has been trying to force the US to concede this geographic fact since 2003 . Indirect evidence . This statement serves as indirect evidence that the US and Iran appear to have worked out a modus vivendi in dealing with ISIL in Iraq . Yet when Al Jazeera released the video of the air strike, the Iranian government initially denied the report, only to confirm it days later, adding the caveat that it was launched at the behest of the central government in Iraq . The initial denial raises the question as to whether Iran did not want to upset this alliance of convenience with US by launching its own air strikes . In this case, rather than upsetting the US, both the Iranian and Iraqi governments probably wanted to keep this air strike quiet for domestic Iraqi politics . The close cooperation between the post-2003 Iraqi government and Iran has been criticised by critics within Iraq over the last decade as a surrender of Baghdad to ""Safavis"", a reference to the 16th century Shia dynasty in Iran that tried to secure what is today Iraq from the Ottomans . This footage, along with pictures of Qassim Soleimani, the head of the Iranian Quds Force, training Iraqi forces on Iranian equipment used by both the Iraqi military and Shia militias, have only alienated Iraq's disenfranchised communities with whom Baghdad needs to ultimately reconcile . This modus vivendi over Iraq will hinge on the future of the ongoing nuclear negotiations and the Syrian civil war . But in both cases, there could be an endgame that resolves the mutual antagonisms between Iran and the US . Media coverage acknowledges that despite Iranian-US cooperation in Iraq, they still support rival sides in the Syrian civil war . However ,  even in that conflict, they do share a mutual desire for that conflict to end with a political solution . Such a solution will save Iran from the huge financial costs of subsidising the Syrian military and end a conflict that the US has been hesitant to engage in since its onset in the summer of 2011 . Al Jazeera's correspondent in Iraq, Imran Khan, in an article in November raised the question: Are the US and Iran on the same side in Iraq? The answer to this question is not only a ""yes"" in Iraq, but could also be a ""yes"" in terms of the long-term stability of Syria and Afghanistan . It is domestic politics in both the US and Iran that prevent any official from saying this publicly .","Iran's geographical depth means the US has needed Iran during both the Cold War and post-Cold War era, regardless of the government in Tehran Both the US and Iran will continue to clash over their respective relationships with Israel","Iran's geographical depth means the US has needed Iran during both the Cold War and post-Cold War era, regardless of the government in Tehran.

The joint cause against the Taliban in 2001, or ISIL in 2014, demonstrates that despite the decades-long mistrust and proxy conflicts between the two sides, geographical realpolitik can force both states to engage in alliances of convenience.

This modus vivendi over Iraq will hinge on the future of the ongoing nuclear negotiations and the Syrian civil war. But in both cases, there could be an endgame that resolves the mutual antagonisms between Iran and the US.

The answer to this question is not only a ""yes"" in Iraq, but could also be a ""yes"" in terms of the long-term stability of Syria and Afghanistan. It is domestic politics in both the US and Iran that prevent any official from saying this publicly.","Iran's geographical depth means the US has needed Iran during both the Cold War and post-Cold War era, regardless of the government in Tehran.

The joint cause against the Taliban in 2001, or ISIL in 2014, demonstrates that despite the decades-long mistrust and proxy conflicts between the two sides, geographical realpolitik can force both states to engage in alliances of convenience.

This modus vivendi over Iraq will hinge on the future of the ongoing nuclear negotiations and the Syrian civil war. But in both cases, there could be an endgame that resolves the mutual antagonisms between Iran and the US.

The answer to this question is not only a ""yes"" in Iraq, but could also be a ""yes"" in terms of the long-term stability of Syria and Afghanistan. It is domestic politics in both the US and Iran that prevent any official from saying this publicly.",yes,no,No,Yes,No,
